value_id,dimension_id,label,dim_1_Domain_Data_Access_Abstraction_Patterns,dim_2_User_Interface_Flow_Architecture_for_Features,dim_3_Search_and_Filtering_Rule_Modeling,dim_4_Third-Party_Map_Provider_Integration_Strategy,dim_5_Pluggable_Component_Selection_via_Runtime_Strategies,dim_6_Registration_Workflow_State_and_Validation_Design,dim_7_Credential_Storage_and_Access_Control,dim_8_Credential-Based_Authentication_Mechanism,dim_9_Client-Side_Plan_Change_Propagation_Mechanisms
1.1,1,Repository pattern for key domain entities,-1.0,0.0,0.0,0.0,0.0,0.0,0.0,0.0,0.0
1.2,1,"Repository pattern for orders, promotions, subscriptions",1.0,0.0,0.0,0.0,0.0,0.0,0.0,0.0,0.0
2.1,2,Adopt MVC for browsing/history/subscription flows,0.0,1.0,0.0,0.0,0.0,0.0,0.0,0.0,0.0
3.1,3,Specification objects for filtering criteria,0.0,0.0,1.0,0.0,0.0,0.0,0.0,0.0,0.0
4.1,4,Adapter pattern for multi-map provider integration,0.0,0.0,0.0,-1.0,0.0,0.0,0.0,0.0,0.0
4.2,4,Facade layer for external map abstraction,0.0,0.0,0.0,1.0,0.0,0.0,0.0,0.0,0.0
5.1,5,Strategy pattern for runtime map/search swapping,0.0,0.0,0.0,0.0,1.0,0.0,0.0,0.0,0.0
6.1,6,Multi-step registration with validation and confirmation,0.0,0.0,0.0,0.0,0.0,1.0,0.0,0.0,0.0
7.1,7,Encrypted credential storage with strict access controls,0.0,0.0,0.0,0.0,0.0,0.0,1.0,0.0,0.0
8.1,8,Standard credential-based authentication,0.0,0.0,0.0,0.0,0.0,0.0,0.0,1.0,0.0
9.1,9,Observer pattern for plan-change UI updates,0.0,0.0,0.0,0.0,0.0,0.0,0.0,0.0,1.0
