value_id,dimension_id,label,dim_1_Composable_Meal_Search_Filtering_Specifications,dim_2_Pluggable_Map_Provider_Integration_Mechanisms,dim_3_State_Synchronization_for_Promotions_and_Subscriptions,dim_4_User_Interface_Flow_Architecture_Choice,dim_5_Authentication_Mechanism_Standardization,dim_6_Signup_Workflow_and_Input_Validation_Strategy,dim_7_Domain_Data_Access_Abstraction_via_Repositories
1.1,1,Specification-pattern filter composition,1.0,0.0,0.0,0.0,0.0,0.0,0.0
2.1,2,Runtime strategy swapping for search algorithms,0.0,-1.0,0.0,0.0,0.0,0.0,0.0
2.2,2,Adapter normalization for heterogeneous provider interfaces,0.0,1.0,0.0,0.0,0.0,0.0,0.0
3.1,3,Observer-based UI updates on subscription changes,0.0,0.0,1.0,0.0,0.0,0.0,0.0
4.1,4,MVC for promotion and order-history interaction flows,0.0,0.0,0.0,1.0,0.0,0.0,0.0
5.1,5,Standard credential-based authentication,0.0,0.0,0.0,0.0,1.0,0.0,0.0
6.1,6,Multi-step registration with confirmation step,0.0,0.0,0.0,0.0,0.0,-1.0,0.0
6.2,6,Client/server form validation during signup,0.0,0.0,0.0,0.0,0.0,1.0,0.0
7.1,7,Repository pattern for order data access,0.0,0.0,0.0,0.0,0.0,0.0,-1.0
7.2,7,Repository pattern for promotion/subscription data access,0.0,0.0,0.0,0.0,0.0,0.0,1.0
