value_id,dimension_id,label,dim_1_Meal_Search_Filter_Composition,dim_2_Map_Provider_Integration_Architecture,dim_3_Promotion_and_Subscription_State_Synchronization,dim_4_User_Interface_Flow_Architecture_Choice,dim_5_Authentication_Credential_Handling_Standardization,dim_6_Signup_Workflow_and_Input_Validation_Strategy,dim_7_Domain_Data_Access_Abstraction_via_Repositories
1.1,1,Specification-pattern filter composition,1.0,0.0,0.0,0.0,0.0,0.0,0.0
2.1,2,Runtime strategy swapping for search algorithms,0.0,1.0,0.0,0.0,0.0,0.0,0.0
2.2,2,Facade layer for external map provider integrations,0.0,-0.7562059346392032,0.0,0.0,0.0,0.0,0.0
2.3,2,Adapter normalization for heterogeneous provider interfaces,0.0,-0.24379406536079665,0.0,0.0,0.0,0.0,0.0
3.1,3,Observer-based UI updates on subscription changes,0.0,0.0,1.0,0.0,0.0,0.0,0.0
4.1,4,MVC architecture for core user interaction flows,0.0,0.0,0.0,1.0,0.0,0.0,0.0
5.1,5,Standard credential-based authentication,0.0,0.0,0.0,0.0,-1.0,0.0,0.0
5.2,5,Encrypted credential storage with strict access controls,0.0,0.0,0.0,0.0,1.0,0.0,0.0
6.1,6,Multi-step registration with confirmation step,0.0,0.0,0.0,0.0,0.0,-1.0,0.0
6.2,6,Client/server form validation during signup,0.0,0.0,0.0,0.0,0.0,1.0,0.0
7.1,7,Repository pattern for order data access,0.0,0.0,0.0,0.0,0.0,0.0,-0.09982721189672852
7.2,7,Repository pattern for promotion/subscription data access,0.0,0.0,0.0,0.0,0.0,0.0,0.4109413299752366
7.3,7,"Repository layer covering user profiles, meals, and orders",0.0,0.0,0.0,0.0,0.0,0.0,-1.0
7.4,7,Encapsulated data operations behind repository abstractions,0.0,0.0,0.0,0.0,0.0,0.0,0.6888858819214911
