kind,id,name,status,note
decision,integrating_ml_model_decision,How to integrate a machine learning model in an application?,model only,
decision,store_data_decision,How to store data used in machine learning applications?,model only,
decision,data_access_interface_decision,How to design the interface for data access?,model only,
decision,feature_persistence_and_access_decision,How to persist and provide access to features?,paper+model,
decision,model_serving_decision,How to serve model predictions or scores?,model only,
decision,result_availability_information_decision,How to inform clients about prediction result availability?,model only,
decision,data_ingestion_decision,How to ingest data into ML projects or applications?,paper+model,
decision,automated_integration_and_delivery_decision,How to perform automatic integration and delivery in a machine learning context?,model only,
decision,delivery_tasks_decision,Which tasks can be performed by a delivery pipeline or component?,model only,
decision,deploying_model_versions_in_production_decision,Which model versions should be deployed to production and how?,model only,
decision,deploying_how_to_version_data_decision,How to version data decision?,model only,
decision,trigger_pipeline_or_orchestrator_decision,How to trigger a machine learning pipeline or orchestrator?,paper+model,
decision,provisioning_decision,How to automatically provision environments?,model only,
decision,data_processing_automation_decision,How to automatically process the data used for model building?,paper+model,
decision,batch_or_realtime_data_processing_decision,Should data be processed in batches or in realtime?,paper+model,
decision,data_processing_tasks_decision,Which data processing tasks can be performed by a data processing pipeline or component?,paper+model,
decision,data_processing_parallelization_decision,How to parallelize data processing?,model only,
decision,model_building_decision,How to perform model building in an ML project?,paper+model,
decision,when_and_how_to_train_the_model_decision,When and how to train the model?,paper+model,
decision,model_building_tasks_decision,Which tasks can be performed by a model building pipeline or component?,paper+model,
decision,model_building_parallelization_decision,How to parallelize model building?,model only,
decision,monitoring_and_tracking_in_production_decision,How to monitor and track the model in production?,model only,
decision,auto_ml_decision,Should AutoML be used and if so where?,paper+model,
decision,monitoring_model_adjustment_decision,How to adjust models based on monitoring results?,model only,
decision,deploying_what_to_deploy_automatically_decision,"What to build, test, and deploy automatically by CI/CD pipelines?",model only,
decision,what_to_test_decision,What to test in a machine learning/data science pipeline?,model only,
decision,mlops_decision,Should MLOps be used and if so when?,model only,
decision,development_environment_decision,What development environment should be used?,model only,
option,iterative_model_building,Iterative model building,model only,
option,trigger_model_retraining,Trigger model retraining,model only,
option,model_performance_analysis,Model performance analysis,model only,
option,cross_team_collaboration,Cross-team collaboration,model only,
option,production_operations,Production operations,model only,
option,production_maintenance,Production maintenance,model only,
option,production_support,Production support,model only,
option,humans_in_the_loop,Humans-in-the-loop,model only,
option,use_monitoring_schedule,Use monitoring schedule,model only,
option,set_trigger_conditions_for_humans_in_the_loop_activation,Set trigger conditions for humans-in-the-loop activation,model only,
option,model_as_a_service,Model as a service,model only,
option,model_in_monolith,Model in monolith,model only,
option,model_as_module_in_modular_monolith,Model as module in modular monolith,model only,
option,model_in_batch_prediction_system,Model in batch prediction system,model only,
option,event_driven_model_as_a_service,Event-driven model as a service,model only,
option,serverless_model_as_a_service,Serverless model as a service,model only,
option,no_integration_of_the_model,No integration of the model,model only,
option,shared_data_store,Shared data store,model only,
option,data_warehouse,Data warehouse,model only,
option,data_lake,Data lake,model only,
option,shared_database,Shared database,model only,
option,in_memory_data_store,In-memory data store,model only,
option,real_time_database,Real-time database,model only,
option,data_service,Data service,model only,
option,database_per_service,Database per service,model only,
option,event_store,Event store,model only,
option,event_sourcing,Event sourcing,model only,
option,no_data_store,No data store,model only,
option,local_data_access_api,Local data access API,model only,
option,service_based_data_access_api,Service-based data access API,model only,
option,pub_sub_data_access_api,Pub/sub data access API,model only,
option,message_event_queueing_based_data_access_api,Message/event queueing-based data access API,model only,
option,data_provider_is_accessed_directly,Data provider is accessed directly,model only,
option,feature_store,Feature store,paper+model,
option,batch_feature_api,Batch feature API,model only,
option,real_time_feature_api,Real-time feature API,model only,
option,store_features_in_data_stores_without_specific_support,Store features in data stores without specific support,paper+model,
option,service_based_model_serving,Service based model serving,model only,
option,microservice_based_model_serving,Microservice based model serving,model only,
option,local_service_api_based_model_serving,Local service/API based model serving,model only,
option,data_batch_based_model_serving,Data batch based model serving,model only,
option,precompute_serving,Precompute serving,model only,
option,predictions_data_store,Predictions data store,model only,
option,hybrid_online_offline_model_serving,Hybrid online/offline model serving,model only,
option,push_notification,Push notification,model only,
option,polling,Polling,model only,
option,block_on_result,Block on result,model only,
option,streamed_data_ingestion,Streamed data ingestion,paper+model,
option,data_ingestion_by_request,Data ingestion by request,paper+model,
option,data_ingestor,Data ingestor,model only,
option,ground_truth_collector,Ground-truth collector,model only,
option,data_ingestion_queue,Data ingestion queue,model only,
option,data_ingestion_in_batches,Data ingestion in batches,paper+model,
option,manual_data_ingestion,Manual data ingestion,paper+model,
option,automatic_data_labeller,Automatic data labeller,model only,
option,manual_data_labelling,Manual data labelling,model only,
option,raw_data_store,Raw data store,model only,
option,ci_cd_pipeline,CI/CD pipeline,model only,
option,build_and_deployment_scripts,Build and Deployment scripts,model only,
option,machine_learning_metadata_store,Machine learning metadata store,model only,
option,model_registry,Model registry,model only,
option,machine_learning_orchestrator,Machine learning orchestrator,model only,
option,no_integration_or_delivery_automation,No integration or delivery automation,model only,
option,packaging,Packaging,model only,
option,testing,Testing,model only,
option,building,Building,model only,
option,deployment,Deployment,model only,
option,containerization,Containerization,model only,
option,canary_testing,Canary testing,model only,
option,a_b_testing,A/B testing,model only,
option,evidence_based_hypothesis_testing,Evidence based hypothesis testing,model only,
option,version_control_repository,Version control repository,model only,
option,n_versions_in_production,N versions in production,model only,
option,rollback_to_previous_model_version,Rollback to previous model version,model only,
option,single_model_in_production,Single model in production,model only,
option,data_version_repository,Data version repository,model only,
option,data_versioning_in_code_repository,Data versioning in code repository,model only,
option,no_data_versioning,No data versioning,model only,
option,on_demand_trigger,On-demand trigger,paper+model,
option,on_commit_trigger,On-commit trigger,paper+model,
option,on_schedule_trigger,On-schedule trigger,paper+model,
option,on_availability_of_new_training_data_trigger,On availability of new training data trigger,paper+model,
option,on_model_performance_degradation_trigger,On model performance degradation trigger,paper+model,
option,on_changes_in_the_data_distribution_trigger,On changes in the data distribution trigger,paper+model,
option,automated_provisioning,Automated provisioning,model only,
option,test_environment_provisioning,Test environment provisioning,model only,
option,pre_production_environment_provisioning,Pre-production environment provisioning,model only,
option,production_environment_provisioning,Production environment provisioning,model only,
option,no_automated_provisioning,No automated provisioning,model only,
option,data_pipeline,Data pipeline,paper+model,
option,etl_pipeline,ETL pipeline,paper+model,
option,data_processing_component,Data processing component,paper+model,
option,no_data_processing_automation,No data processing automation,paper+model,
option,batch_based_data_processing,Batch-based data processing,paper+model,
option,real_time_stream_based_data_processing,"Real-time, stream-based data processing",paper+model,
option,data_extraction,Data extraction,paper+model,
option,data_preparation,Data preparation,paper+model,
option,data_validation,Data validation,paper+model,
option,data_transformation,Data transformation,paper+model,
option,data_selection,Data selection,paper+model,
option,feature_engineering,Feature engineering,paper+model,
option,data_processing_hyperparameter_tuning,Data processing hyperparameter tuning,paper+model,
option,data_pipeline_per_data_set,Data pipeline per data set,model only,
option,data_partitioning_in_data_pipeline,Data partitioning in data pipeline,model only,
option,hybrid_data_processing_parallelization,Hybrid data processing parallelization,model only,
option,no_parallel_data_processing,No parallel data processing,model only,
option,model_building_pipeline,Model building pipeline,paper+model,
option,model_builder_component,Model builder component,paper+model,
option,model_building_in_development_tool,Model building in development tool,paper+model,
option,batch_based_learning,Batch-based learning,paper+model,
option,incremental_learning,Incremental learning,paper+model,
option,hybrid_batch_based_and_incremental_learning,Hybrid batch-based and incremental learning,paper+model,
option,model_training,Model training,paper+model,
option,data_splitting,Data splitting,paper+model,
option,data_checkpoints,Data checkpoints,paper+model,
option,model_validation,Model validation,paper+model,
option,model_selection,Model selection,paper+model,
option,model_packaging,Model packaging,paper+model,
option,development_tool_facade,Development tool facade,paper+model,
option,development_tool_export,Development tool export,paper+model,
option,train_multiple_model_versions_with_different_parameters_and_or_algorithms,Train multiple model versions with different parameters and/or algorithms,paper+model,
option,model_hyperparameter_tuning,Model hyperparameter tuning,paper+model,
option,model_building_pipeline_per_model,Model building pipeline per model,model only,
option,training_data_partitioning,Training data partitioning,model only,
option,model_partitioning,Model partitioning,model only,
option,hybrid_model_building_parallelization,Hybrid model building parallelization,model only,
option,no_parallel_model_building,No parallel model building,model only,
option,model_performance_monitoring,Model performance monitoring,model only,
option,speed_performance_monitoring,Speed performance monitoring,model only,
option,monitoring_or_logging_data_and_predictions,Monitoring or logging data and predictions,model only,
option,monitoring_domain_specific_metrics_per_model,Monitoring domain-specific metrics per model,model only,
option,model_accuracy_monitoring,Model accuracy monitoring,model only,
option,no_in_production_monitoring,No in-production monitoring,model only,
option,model_in_production_tracking,Model in-production tracking,model only,
option,production_data_store,Production data store,model only,
option,auto_ml,AutoML,paper+model,
option,no_automl,No AutoML,paper+model,
option,manual_model_adjustment,Manual model adjustment,model only,
option,automated_model_adjustment,Automated model adjustment,model only,
option,switch_to_other_model_version,Switch to other model version,model only,
option,retrain_model,Retrain model,model only,
option,collect_new_data,Collect new data,model only,
option,build_test_and_deploy_models_to_be_served_and_other_system_components,"Build, test, and deploy models to be served and other system components",model only,
option,build_test_and_deploy_machine_learning_pipelines_and_components_needed_during_pipeline_runs,"Build, test, and deploy machine learning pipelines and components needed during pipeline runs",model only,
option,no_automated_deployment,No automated deployment,model only,
option,unit_testing_system_components,Unit testing system components,model only,
option,system_integration_testing,System integration testing,model only,
option,unit_testing_feature_engineering_logic,Unit testing feature engineering logic,model only,
option,unit_testing_different_methods_implemented_in_a_model,Unit testing different methods implemented in a model,model only,
option,testing_model_training_converges,Testing model training converges,model only,
option,testing_trained_model_quality,Testing trained model quality,model only,
option,unit_testing_pipeline_components,Unit testing pipeline components,model only,
option,integration_testing_pipeline_components,Integration testing pipeline components,model only,
option,prediction_service_api_testing,Prediction service API testing,model only,
option,prediction_service_performance_testing,Prediction service performance testing,model only,
option,no_testing,No testing,model only,
option,ml_ops,MLOps,model only,
option,no_mlops,No MLOps,model only,
option,continuous_training,Continuous training,model only,
option,continuous_validation,Continuous validation,model only,
option,data_sourcing,Data sourcing,model only,
option,data_analysis,Data analysis,model only,
option,data_labeling,Data labeling,model only,
option,experiment_tracking,Experiment tracking,model only,
option,model_architecture,Model architecture,model only,
option,model_development,Model development,model only,
option,model_evaluation,Model evaluation,model only,
option,model_versioning,Model versioning,model only,
option,hardware_scaling,Hardware scaling,model only,
option,training_at_scale,Training at scale,model only,
option,model_benchmarking,Model benchmarking,model only,
option,model_management,Model management,model only,
option,automated_model_development,Automated model development,model only,
option,configuration_versioning,Configuration versioning,model only,
option,automated_regression_tests,Automated regression tests,model only,
option,static_code_analysis,Static code analysis,model only,
option,training_in_production,Training in production,model only,
option,experimentation,Automated regression tests,model only,
option,prediction_service,Prediction service,model only,
option,skew_tests,Skew tests,model only,
option,stress_testing,Stress testing,model only,
option,system_monitoring,System monitoring,model only,
option,application_pipeline,Application pipeline,model only,
option,model_service_profiling,Model service profiling,model only,
option,use_computational_notebooks,Use computational notebooks,model only,
option,use_an_ide,Use an IDE,model only,
