value_id,dimension_id,label,dim_1_Data_Ingestion_Strategy,dim_10_Inference_Execution_Strategy,dim_11_Production_Monitoring_Strategy,dim_12_ML_Provenance_Strategy,dim_13_Federated_Learning_Strategy,dim_14_Data_and_Model_Governance_Strategy,dim_15_MLOps_Operating_Model,dim_16_Storage_Technology_Strategy,dim_17_Dataset_Treatment_Strategy,dim_18_Computation_Timing_Strategy,dim_19_Model_Construction_Automation_Strategy,dim_2_Data_Repository_Strategy,dim_20_Model_Release_Transition_Strategy,dim_3_Data_Preparation_Architecture,dim_4_Data_Processing_Placement_Strategy,dim_5_ML_Integration_Automation_Strategy,dim_6_Model_Validation_Strategy,dim_7_Model_Artifact_Packaging_Strategy,dim_8_Model_Registry_Strategy,dim_9_Prediction_Interface_Strategy
1.1,1,Messaging-queue ingestion,-0.3743180141416064,0.0,0.0,0.0,0.0,0.0,0.0,0.0,0.0,0.0,0.0,0.0,0.0,0.0,0.0,0.0,0.0,0.0,0.0,0.0
1.2,1,Query-based ingestion,-0.5446877662130367,0.0,0.0,0.0,0.0,0.0,0.0,0.0,0.0,0.0,0.0,0.0,0.0,0.0,0.0,0.0,0.0,0.0,0.0,0.0
1.3,1,Event-based ingestion,-0.45407649022702146,0.0,0.0,0.0,0.0,0.0,0.0,0.0,0.0,0.0,0.0,0.0,0.0,0.0,0.0,0.0,0.0,0.0,0.0,0.0
1.4,1,API-based ingestion,-0.3331539345804437,0.0,0.0,0.0,0.0,0.0,0.0,0.0,0.0,0.0,0.0,0.0,0.0,0.0,0.0,0.0,0.0,0.0,0.0,0.0
1.5,1,Change-data-capture ingestion,-0.13399676723756568,0.0,0.0,0.0,0.0,0.0,0.0,0.0,0.0,0.0,0.0,0.0,0.0,0.0,0.0,0.0,0.0,0.0,0.0,0.0
1.6,1,Scheduled ingestion,0.06682099771571968,0.0,0.0,0.0,0.0,0.0,0.0,0.0,0.0,0.0,0.0,0.0,0.0,0.0,0.0,0.0,0.0,0.0,0.0,0.0
1.7,1,Continuous enterprise-data transfer,0.7734119746839551,0.0,0.0,0.0,0.0,0.0,0.0,0.0,0.0,0.0,0.0,0.0,0.0,0.0,0.0,0.0,0.0,0.0,0.0,0.0
1.8,1,Automated business-data collection,1.0,0.0,0.0,0.0,0.0,0.0,0.0,0.0,0.0,0.0,0.0,0.0,0.0,0.0,0.0,0.0,0.0,0.0,0.0,0.0
2.1,2,Persistent data repository,0.0,0.0,0.0,0.0,0.0,0.0,0.0,0.0,0.0,0.0,0.0,-0.05588149070482133,0.0,0.0,0.0,0.0,0.0,0.0,0.0,0.0
2.2,2,Unified data layer,0.0,0.0,0.0,0.0,0.0,0.0,0.0,0.0,0.0,0.0,0.0,-0.9441185092951788,0.0,0.0,0.0,0.0,0.0,0.0,0.0,0.0
2.3,2,Immutable raw-data persistence,0.0,0.0,0.0,0.0,0.0,0.0,0.0,0.0,0.0,0.0,0.0,1.0,0.0,0.0,0.0,0.0,0.0,0.0,0.0,0.0
3.1,3,Dedicated feature-engineering pipeline,0.0,0.0,0.0,0.0,0.0,0.0,0.0,0.0,0.0,0.0,0.0,0.0,0.0,-0.09027500085963279,0.0,0.0,0.0,0.0,0.0,0.0
3.2,3,Analyst-managed preprocessing,0.0,0.0,0.0,0.0,0.0,0.0,0.0,0.0,0.0,0.0,0.0,0.0,0.0,0.36837664100204853,0.0,0.0,0.0,0.0,0.0,0.0
3.3,3,Reusable scripted transformations,0.0,0.0,0.0,0.0,0.0,0.0,0.0,0.0,0.0,0.0,0.0,0.0,0.0,-1.0,0.0,0.0,0.0,0.0,0.0,0.0
3.4,3,Automatic preprocessing,0.0,0.0,0.0,0.0,0.0,0.0,0.0,0.0,0.0,0.0,0.0,0.0,0.0,0.2609083581602804,0.0,0.0,0.0,0.0,0.0,0.0
3.5,3,Integrated cleansing and feature enrichment,0.0,0.0,0.0,0.0,0.0,0.0,0.0,0.0,0.0,0.0,0.0,0.0,0.0,0.04565736279976947,0.0,0.0,0.0,0.0,0.0,0.0
3.6,3,Input dataset preprocessing,0.0,0.0,0.0,0.0,0.0,0.0,0.0,0.0,0.0,0.0,0.0,0.0,0.0,0.4153326388975345,0.0,0.0,0.0,0.0,0.0,0.0
4.1,4,Distributed data preparation,0.0,0.0,0.0,0.0,0.0,0.0,0.0,0.0,0.0,0.0,0.0,0.0,0.0,0.0,0.04594311099315925,0.0,0.0,0.0,0.0,0.0
4.2,4,External cluster execution,0.0,0.0,0.0,0.0,0.0,0.0,0.0,0.0,0.0,0.0,0.0,0.0,0.0,0.0,-1.0,0.0,0.0,0.0,0.0,0.0
4.3,4,Within-pipeline data partitioning,0.0,0.0,0.0,0.0,0.0,0.0,0.0,0.0,0.0,0.0,0.0,0.0,0.0,0.0,0.3458023637618005,0.0,0.0,0.0,0.0,0.0
4.4,4,Dedicated dataset pipelines,0.0,0.0,0.0,0.0,0.0,0.0,0.0,0.0,0.0,0.0,0.0,0.0,0.0,0.0,0.6082545252450409,0.0,0.0,0.0,0.0,0.0
5.1,5,Continuous integration,0.0,0.0,0.0,0.0,0.0,0.0,0.0,0.0,0.0,0.0,0.0,0.0,0.0,0.0,0.0,0.6099418285415075,0.0,0.0,0.0,0.0
5.2,5,Commit-triggered CI pipeline,0.0,0.0,0.0,0.0,0.0,0.0,0.0,0.0,0.0,0.0,0.0,0.0,0.0,0.0,0.0,0.4230639275645875,0.0,0.0,0.0,0.0
5.3,5,Pull-request CI/CD pipeline,0.0,0.0,0.0,0.0,0.0,0.0,0.0,0.0,0.0,0.0,0.0,0.0,0.0,0.0,0.0,-0.1929480724044802,0.0,0.0,0.0,0.0
5.4,5,Manual ML workflow,0.0,0.0,0.0,0.0,0.0,0.0,0.0,0.0,0.0,0.0,0.0,0.0,0.0,0.0,0.0,-1.0,0.0,0.0,0.0,0.0
5.5,5,CI omission,0.0,0.0,0.0,0.0,0.0,0.0,0.0,0.0,0.0,0.0,0.0,0.0,0.0,0.0,0.0,0.15994231629838596,0.0,0.0,0.0,0.0
6.1,6,Automated schema and domain validation,0.0,0.0,0.0,0.0,0.0,0.0,0.0,0.0,0.0,0.0,0.0,0.0,0.0,0.0,0.0,0.0,1.0,0.0,0.0,0.0
6.2,6,Training-derived serving schema,0.0,0.0,0.0,0.0,0.0,0.0,0.0,0.0,0.0,0.0,0.0,0.0,0.0,0.0,0.0,0.0,-0.41295424365934075,0.0,0.0,0.0
6.3,6,Feature-creation unit testing,0.0,0.0,0.0,0.0,0.0,0.0,0.0,0.0,0.0,0.0,0.0,0.0,0.0,0.0,0.0,0.0,0.0011696011105075046,0.0,0.0,0.0
6.4,6,Feature predictive-importance testing,0.0,0.0,0.0,0.0,0.0,0.0,0.0,0.0,0.0,0.0,0.0,0.0,0.0,0.0,0.0,0.0,-0.7308232641683036,0.0,0.0,0.0
6.5,6,Policy-compliance pipeline checks,0.0,0.0,0.0,0.0,0.0,0.0,0.0,0.0,0.0,0.0,0.0,0.0,0.0,0.0,0.0,0.0,0.9023637666291099,0.0,0.0,0.0
6.6,6,Automated model validation,0.0,0.0,0.0,0.0,0.0,0.0,0.0,0.0,0.0,0.0,0.0,0.0,0.0,0.0,0.0,0.0,0.8051183337144056,0.0,0.0,0.0
6.7,6,Secret test-set evaluation,0.0,0.0,0.0,0.0,0.0,0.0,0.0,0.0,0.0,0.0,0.0,0.0,0.0,0.0,0.0,0.0,-0.19274145387482797,0.0,0.0,0.0
6.8,6,Prediction-service contract testing,0.0,0.0,0.0,0.0,0.0,0.0,0.0,0.0,0.0,0.0,0.0,0.0,0.0,0.0,0.0,0.0,-0.5064617615796062,0.0,0.0,0.0
6.9,6,Prediction-service load testing,0.0,0.0,0.0,0.0,0.0,0.0,0.0,0.0,0.0,0.0,0.0,0.0,0.0,0.0,0.0,0.0,-0.8656709781719469,0.0,0.0,0.0
7.1,7,Packaged model artifact,0.0,0.0,0.0,0.0,0.0,0.0,0.0,0.0,0.0,0.0,0.0,0.0,0.0,0.0,0.0,0.0,0.0,-0.28046099875700325,0.0,0.0
7.2,7,Containerized deployment artifact,0.0,0.0,0.0,0.0,0.0,0.0,0.0,0.0,0.0,0.0,0.0,0.0,0.0,0.0,0.0,0.0,0.0,-0.9633675043739583,0.0,0.0
7.3,7,Execution-environment dependency capture,0.0,0.0,0.0,0.0,0.0,0.0,0.0,0.0,0.0,0.0,0.0,0.0,0.0,0.0,0.0,0.0,0.0,-0.6307942684175065,0.0,0.0
7.4,7,Model serialization format,0.0,0.0,0.0,0.0,0.0,0.0,0.0,0.0,0.0,0.0,0.0,0.0,0.0,0.0,0.0,0.0,0.0,1.0,0.0,0.0
7.5,7,Model-format interoperability,0.0,0.0,0.0,0.0,0.0,0.0,0.0,0.0,0.0,0.0,0.0,0.0,0.0,0.0,0.0,0.0,0.0,0.8746227715484685,0.0,0.0
8.1,8,Centralized model registry,0.0,0.0,0.0,0.0,0.0,0.0,0.0,0.0,0.0,0.0,0.0,0.0,0.0,0.0,0.0,0.0,0.0,0.0,-0.623748974962504,0.0
8.2,8,Published-model metadata capture,0.0,0.0,0.0,0.0,0.0,0.0,0.0,0.0,0.0,0.0,0.0,0.0,0.0,0.0,0.0,0.0,0.0,0.0,-0.3614872524868515,0.0
8.3,8,Model-stage promotion tracking,0.0,0.0,0.0,0.0,0.0,0.0,0.0,0.0,0.0,0.0,0.0,0.0,0.0,0.0,0.0,0.0,0.0,0.0,-0.3858198819660559,0.0
8.4,8,Name-and-version identification,0.0,0.0,0.0,0.0,0.0,0.0,0.0,0.0,0.0,0.0,0.0,0.0,0.0,0.0,0.0,0.0,0.0,0.0,1.0,0.0
8.5,8,Metadata-tag model search,0.0,0.0,0.0,0.0,0.0,0.0,0.0,0.0,0.0,0.0,0.0,0.0,0.0,0.0,0.0,0.0,0.0,0.0,0.8762227410661919,0.0
8.6,8,Externally trained model registration,0.0,0.0,0.0,0.0,0.0,0.0,0.0,0.0,0.0,0.0,0.0,0.0,0.0,0.0,0.0,0.0,0.0,0.0,-0.17797347983141823,0.0
8.7,8,Deletion protection for active models,0.0,0.0,0.0,0.0,0.0,0.0,0.0,0.0,0.0,0.0,0.0,0.0,0.0,0.0,0.0,0.0,0.0,0.0,-0.3271931518193611,0.0
9.1,9,Real-time inference endpoint,0.0,0.0,0.0,0.0,0.0,0.0,0.0,0.0,0.0,0.0,0.0,0.0,0.0,0.0,0.0,0.0,0.0,0.0,0.0,-0.7630428237024649
9.2,9,REST API serving interface,0.0,0.0,0.0,0.0,0.0,0.0,0.0,0.0,0.0,0.0,0.0,0.0,0.0,0.0,0.0,0.0,0.0,0.0,0.0,-0.6348861681385063
9.3,9,Microservice model integration,0.0,0.0,0.0,0.0,0.0,0.0,0.0,0.0,0.0,0.0,0.0,0.0,0.0,0.0,0.0,0.0,0.0,0.0,0.0,0.9161017633251237
9.4,9,Monolithic application architecture,0.0,0.0,0.0,0.0,0.0,0.0,0.0,0.0,0.0,0.0,0.0,0.0,0.0,0.0,0.0,0.0,0.0,0.0,0.0,1.0
9.5,9,Front-end prediction gateway,0.0,0.0,0.0,0.0,0.0,0.0,0.0,0.0,0.0,0.0,0.0,0.0,0.0,0.0,0.0,0.0,0.0,0.0,0.0,-0.38907051158639905
9.6,9,Business-facing data product,0.0,0.0,0.0,0.0,0.0,0.0,0.0,0.0,0.0,0.0,0.0,0.0,0.0,0.0,0.0,0.0,0.0,0.0,0.0,0.6754901413861946
9.7,9,Threshold-based prediction decision,0.0,0.0,0.0,0.0,0.0,0.0,0.0,0.0,0.0,0.0,0.0,0.0,0.0,0.0,0.0,0.0,0.0,0.0,0.0,-0.8045924012839475
10.1,10,Serverless-function deployment,0.0,-0.43724913438953694,0.0,0.0,0.0,0.0,0.0,0.0,0.0,0.0,0.0,0.0,0.0,0.0,0.0,0.0,0.0,0.0,0.0,0.0
10.2,10,Container-based prediction API,0.0,-0.57113360602279,0.0,0.0,0.0,0.0,0.0,0.0,0.0,0.0,0.0,0.0,0.0,0.0,0.0,0.0,0.0,0.0,0.0,0.0
10.3,10,Kubernetes model serving,0.0,-1.0,0.0,0.0,0.0,0.0,0.0,0.0,0.0,0.0,0.0,0.0,0.0,0.0,0.0,0.0,0.0,0.0,0.0,0.0
10.4,10,Asynchronous feature derivation,0.0,0.9718720073489453,0.0,0.0,0.0,0.0,0.0,0.0,0.0,0.0,0.0,0.0,0.0,0.0,0.0,0.0,0.0,0.0,0.0,0.0
10.5,10,Synchronous precomputed feature queries,0.0,0.9859991801660708,0.0,0.0,0.0,0.0,0.0,0.0,0.0,0.0,0.0,0.0,0.0,0.0,0.0,0.0,0.0,0.0,0.0,0.0
10.6,10,Precomputed-result fallback,0.0,0.8772993253885254,0.0,0.0,0.0,0.0,0.0,0.0,0.0,0.0,0.0,0.0,0.0,0.0,0.0,0.0,0.0,0.0,0.0,0.0
10.7,10,Mobile or enterprise application deployment,0.0,-0.826787772491214,0.0,0.0,0.0,0.0,0.0,0.0,0.0,0.0,0.0,0.0,0.0,0.0,0.0,0.0,0.0,0.0,0.0,0.0
11.1,11,Production telemetry,0.0,0.0,0.47326907007711244,0.0,0.0,0.0,0.0,0.0,0.0,0.0,0.0,0.0,0.0,0.0,0.0,0.0,0.0,0.0,0.0,0.0
11.2,11,Predictive-quality monitoring,0.0,0.0,0.08488393484547452,0.0,0.0,0.0,0.0,0.0,0.0,0.0,0.0,0.0,0.0,0.0,0.0,0.0,0.0,0.0,0.0,0.0
11.3,11,Prediction-bias monitoring,0.0,0.0,-0.0074591973558209524,0.0,0.0,0.0,0.0,0.0,0.0,0.0,0.0,0.0,0.0,0.0,0.0,0.0,0.0,0.0,0.0,0.0
11.4,11,Model interpretability integration,0.0,0.0,-0.14989773710108456,0.0,0.0,0.0,0.0,0.0,0.0,0.0,0.0,0.0,0.0,0.0,0.0,0.0,0.0,0.0,0.0,0.0
11.5,11,Model monitoring with baselines,0.0,0.0,0.2402425396983544,0.0,0.0,0.0,0.0,0.0,0.0,0.0,0.0,0.0,0.0,0.0,0.0,0.0,0.0,0.0,0.0,0.0
11.6,11,Low-confidence human review loop,0.0,0.0,-0.8070248689037086,0.0,0.0,0.0,0.0,0.0,0.0,0.0,0.0,0.0,0.0,0.0,0.0,0.0,0.0,0.0,0.0,0.0
11.7,11,Private single-user review workforce,0.0,0.0,-1.0,0.0,0.0,0.0,0.0,0.0,0.0,0.0,0.0,0.0,0.0,0.0,0.0,0.0,0.0,0.0,0.0,0.0
11.8,11,Unified observability stack,0.0,0.0,0.25342682656402077,0.0,0.0,0.0,0.0,0.0,0.0,0.0,0.0,0.0,0.0,0.0,0.0,0.0,0.0,0.0,0.0,0.0
11.9,11,Software-metrics-only monitoring,0.0,0.0,0.489001387259961,0.0,0.0,0.0,0.0,0.0,0.0,0.0,0.0,0.0,0.0,0.0,0.0,0.0,0.0,0.0,0.0,0.0
11.10,11,Business-KPI-only monitoring,0.0,0.0,0.423558044915692,0.0,0.0,0.0,0.0,0.0,0.0,0.0,0.0,0.0,0.0,0.0,0.0,0.0,0.0,0.0,0.0,0.0
12.1,12,ML metadata store,0.0,0.0,0.0,-0.13622684137780086,0.0,0.0,0.0,0.0,0.0,0.0,0.0,0.0,0.0,0.0,0.0,0.0,0.0,0.0,0.0,0.0
12.2,12,Pipeline-run record tracking,0.0,0.0,0.0,-0.2922522837088814,0.0,0.0,0.0,0.0,0.0,0.0,0.0,0.0,0.0,0.0,0.0,0.0,0.0,0.0,0.0,0.0
12.3,12,Pipeline resumption from completed-step artifacts,0.0,0.0,0.0,-1.0,0.0,0.0,0.0,0.0,0.0,0.0,0.0,0.0,0.0,0.0,0.0,0.0,0.0,0.0,0.0,0.0
12.4,12,Training-run snapshot capture,0.0,0.0,0.0,0.2308524981844985,0.0,0.0,0.0,0.0,0.0,0.0,0.0,0.0,0.0,0.0,0.0,0.0,0.0,0.0,0.0,0.0
12.5,12,Git code provenance tracking,0.0,0.0,0.0,0.315721059807608,0.0,0.0,0.0,0.0,0.0,0.0,0.0,0.0,0.0,0.0,0.0,0.0,0.0,0.0,0.0,0.0
12.6,12,Dataset tracking and versioning,0.0,0.0,0.0,0.4280743503825433,0.0,0.0,0.0,0.0,0.0,0.0,0.0,0.0,0.0,0.0,0.0,0.0,0.0,0.0,0.0,0.0
12.7,12,Training and testing metric recording,0.0,0.0,0.0,0.45383121671203225,0.0,0.0,0.0,0.0,0.0,0.0,0.0,0.0,0.0,0.0,0.0,0.0,0.0,0.0,0.0,0.0
13.1,13,Hybrid-serving federated architecture,0.0,0.0,0.0,0.0,-0.13503237045987246,0.0,0.0,0.0,0.0,0.0,0.0,0.0,0.0,0.0,0.0,0.0,0.0,0.0,0.0,0.0
13.2,13,General server model initialization,0.0,0.0,0.0,0.0,0.21088165395114203,0.0,0.0,0.0,0.0,0.0,0.0,0.0,0.0,0.0,0.0,0.0,0.0,0.0,0.0,0.0
13.3,13,On-device user-specific model training,0.0,0.0,0.0,0.0,-0.47112217282211594,0.0,0.0,0.0,0.0,0.0,0.0,0.0,0.0,0.0,0.0,0.0,0.0,0.0,0.0,0.0
13.4,13,Local personal-data retention,0.0,0.0,0.0,0.0,-0.6015626667309293,0.0,0.0,0.0,0.0,0.0,0.0,0.0,0.0,0.0,0.0,0.0,0.0,0.0,0.0,0.0
13.5,13,Server-side model-update aggregation,0.0,0.0,0.0,0.0,0.6092308309093726,0.0,0.0,0.0,0.0,0.0,0.0,0.0,0.0,0.0,0.0,0.0,0.0,0.0,0.0,0.0
13.6,13,Idle-and-charging update scheduling,0.0,0.0,0.0,0.0,1.0,0.0,0.0,0.0,0.0,0.0,0.0,0.0,0.0,0.0,0.0,0.0,0.0,0.0,0.0,0.0
13.7,13,TensorFlow Federated framework,0.0,0.0,0.0,0.0,-0.6123952748475945,0.0,0.0,0.0,0.0,0.0,0.0,0.0,0.0,0.0,0.0,0.0,0.0,0.0,0.0,0.0
14.1,14,Context-sensitive access control,0.0,0.0,0.0,0.0,0.0,1.0,0.0,0.0,0.0,0.0,0.0,0.0,0.0,0.0,0.0,0.0,0.0,0.0,0.0,0.0
14.2,14,Data-science monitoring ownership,0.0,0.0,0.0,0.0,0.0,-0.34189257431405984,0.0,0.0,0.0,0.0,0.0,0.0,0.0,0.0,0.0,0.0,0.0,0.0,0.0,0.0
14.3,14,Cross-functional ML monitoring responsibility,0.0,0.0,0.0,0.0,0.0,-0.36059635727325057,0.0,0.0,0.0,0.0,0.0,0.0,0.0,0.0,0.0,0.0,0.0,0.0,0.0,0.0
14.4,14,Distributed input-data ownership,0.0,0.0,0.0,0.0,0.0,0.09651182592110284,0.0,0.0,0.0,0.0,0.0,0.0,0.0,0.0,0.0,0.0,0.0,0.0,0.0,0.0
14.5,14,Production accountability for business value,0.0,0.0,0.0,0.0,0.0,-0.3940228943337929,0.0,0.0,0.0,0.0,0.0,0.0,0.0,0.0,0.0,0.0,0.0,0.0,0.0,0.0
15.1,15,End-to-end MLOps solution,0.0,0.0,0.0,0.0,0.0,0.0,-0.3348218152335411,0.0,0.0,0.0,0.0,0.0,0.0,0.0,0.0,0.0,0.0,0.0,0.0,0.0
15.2,15,Custom-built MLOps ecosystem,0.0,0.0,0.0,0.0,0.0,0.0,-0.41624838732208364,0.0,0.0,0.0,0.0,0.0,0.0,0.0,0.0,0.0,0.0,0.0,0.0,0.0
15.3,15,Fully managed MLOps services,0.0,0.0,0.0,0.0,0.0,0.0,-0.24993279466184934,0.0,0.0,0.0,0.0,0.0,0.0,0.0,0.0,0.0,0.0,0.0,0.0,0.0
15.4,15,Dedicated model-operations team,0.0,0.0,0.0,0.0,0.0,0.0,-0.03891020706806392,0.0,0.0,0.0,0.0,0.0,0.0,0.0,0.0,0.0,0.0,0.0,0.0,0.0
15.5,15,Out-of-the-box MLOps solution,0.0,0.0,0.0,0.0,0.0,0.0,-0.26119309759524034,0.0,0.0,0.0,0.0,0.0,0.0,0.0,0.0,0.0,0.0,0.0,0.0,0.0
15.6,15,In-house ML infrastructure,0.0,0.0,0.0,0.0,0.0,0.0,-0.22126126529228982,0.0,0.0,0.0,0.0,0.0,0.0,0.0,0.0,0.0,0.0,0.0,0.0,0.0
15.7,15,Pre-built ML platform,0.0,0.0,0.0,0.0,0.0,0.0,-0.31110092264009565,0.0,0.0,0.0,0.0,0.0,0.0,0.0,0.0,0.0,0.0,0.0,0.0,0.0
15.8,15,Dedicated operations staffing cost,0.0,0.0,0.0,0.0,0.0,0.0,0.8334684898131635,0.0,0.0,0.0,0.0,0.0,0.0,0.0,0.0,0.0,0.0,0.0,0.0,0.0
15.9,15,Infrastructure time to value,0.0,0.0,0.0,0.0,0.0,0.0,1.0,0.0,0.0,0.0,0.0,0.0,0.0,0.0,0.0,0.0,0.0,0.0,0.0,0.0
16.1,16,NoSQL document raw-data storage,0.0,0.0,0.0,0.0,0.0,0.0,0.0,1.0,0.0,0.0,0.0,0.0,0.0,0.0,0.0,0.0,0.0,0.0,0.0,0.0
17.1,17,Training-data augmentation,0.0,0.0,0.0,0.0,0.0,0.0,0.0,0.0,-1.0,0.0,0.0,0.0,0.0,0.0,0.0,0.0,0.0,0.0,0.0,0.0
17.2,17,Dataset sanitization,0.0,0.0,0.0,0.0,0.0,0.0,0.0,0.0,1.0,0.0,0.0,0.0,0.0,0.0,0.0,0.0,0.0,0.0,0.0,0.0
18.1,18,Online real-time computation,0.0,0.0,0.0,0.0,0.0,0.0,0.0,0.0,0.0,0.5969107396989098,0.0,0.0,0.0,0.0,0.0,0.0,0.0,0.0,0.0,0.0
18.2,18,Nearline computation,0.0,0.0,0.0,0.0,0.0,0.0,0.0,0.0,0.0,-1.0,0.0,0.0,0.0,0.0,0.0,0.0,0.0,0.0,0.0,0.0
18.3,18,Offline batch computation,0.0,0.0,0.0,0.0,0.0,0.0,0.0,0.0,0.0,0.403089260301091,0.0,0.0,0.0,0.0,0.0,0.0,0.0,0.0,0.0,0.0
19.1,19,Dedicated automated model-building service,0.0,0.0,0.0,0.0,0.0,0.0,0.0,0.0,0.0,0.0,0.18348849715777388,0.0,0.0,0.0,0.0,0.0,0.0,0.0,0.0,0.0
19.2,19,Metric-driven model building,0.0,0.0,0.0,0.0,0.0,0.0,0.0,0.0,0.0,0.0,0.8960654667153505,0.0,0.0,0.0,0.0,0.0,0.0,0.0,0.0,0.0
19.3,19,Automated hyperparameter-tuning scripts,0.0,0.0,0.0,0.0,0.0,0.0,0.0,0.0,0.0,0.0,-1.0,0.0,0.0,0.0,0.0,0.0,0.0,0.0,0.0,0.0
19.4,19,Orchestrator-centered ML workflow,0.0,0.0,0.0,0.0,0.0,0.0,0.0,0.0,0.0,0.0,0.7746580788680665,0.0,0.0,0.0,0.0,0.0,0.0,0.0,0.0,0.0
19.5,19,Custom data-science automation scripts,0.0,0.0,0.0,0.0,0.0,0.0,0.0,0.0,0.0,0.0,-0.9498657667723897,0.0,0.0,0.0,0.0,0.0,0.0,0.0,0.0,0.0
19.6,19,Boxed routine-modeling solutions,0.0,0.0,0.0,0.0,0.0,0.0,0.0,0.0,0.0,0.0,0.09565372403119844,0.0,0.0,0.0,0.0,0.0,0.0,0.0,0.0,0.0
20.1,20,Manual model deployment,0.0,0.0,0.0,0.0,0.0,0.0,0.0,0.0,0.0,0.0,0.0,0.0,-0.17444544537561002,0.0,0.0,0.0,0.0,0.0,0.0,0.0
20.2,20,Pipeline-based service deployment,0.0,0.0,0.0,0.0,0.0,0.0,0.0,0.0,0.0,0.0,0.0,0.0,-0.8582795209553369,0.0,0.0,0.0,0.0,0.0,0.0,0.0
20.3,20,Automated deployment and rollback,0.0,0.0,0.0,0.0,0.0,0.0,0.0,0.0,0.0,0.0,0.0,0.0,-1.0,0.0,0.0,0.0,0.0,0.0,0.0,0.0
20.4,20,Previous-model fallback,0.0,0.0,0.0,0.0,0.0,0.0,0.0,0.0,0.0,0.0,0.0,0.0,0.9873261945543734,0.0,0.0,0.0,0.0,0.0,0.0,0.0
20.5,20,Previous-model rollback,0.0,0.0,0.0,0.0,0.0,0.0,0.0,0.0,0.0,0.0,0.0,0.0,0.6426385880777575,0.0,0.0,0.0,0.0,0.0,0.0,0.0
20.6,20,Progressive production traffic rollout,0.0,0.0,0.0,0.0,0.0,0.0,0.0,0.0,0.0,0.0,0.0,0.0,0.03455962992496684,0.0,0.0,0.0,0.0,0.0,0.0,0.0
20.7,20,Performance-gated promotion,0.0,0.0,0.0,0.0,0.0,0.0,0.0,0.0,0.0,0.0,0.0,0.0,0.3682005537738459,0.0,0.0,0.0,0.0,0.0,0.0,0.0
