id,source_id,section,words
s01_p01,s1,Git at any scale,190
s01_p02,s1,What's hard about Git?,363
s01_p03,s1,What's hard about Git?,400
s01_p04,s1,GitHub and filesystems,341
s01_p05,s1,GitHub and filesystems,321
s01_p06,s1,Spokes and Consistency,325
s01_p07,s1,Spokes and Consistency,302
s01_p08,s1,Spokes and Consistency,321
s01_p09,s1,Spokes and Consistency,210
s01_p10,s1,Continuity,343
s01_p11,s1,Consensus,353
s01_p12,s1,Replication,428
s01_p13,s1,Compaction,315
s01_p14,s1,Scale,291
s01_p15,s1,WAL as truth,390
s01_p16,s1,Origin,255
s02_p01,s2,Stretching Spokes,280
s02_p02,s2,Distant replicas. What’s all the fuss?,351
s02_p03,s2,Reducing round-trips,159
s02_p04,s2,Git reference update transactions,196
s02_p05,s2,Using checksums to compare replicas,167
s02_p06,s2,Prioritizing user-initiated updates,304
s03_p01,s3,Building resilience in Spokes,165
s03_p02,s3,Defining resilience,299
s03_p03,s3,Availability,355
s03_p04,s3,Availability,419
s03_p05,s3,Availability,321
s03_p06,s3,Durability,390
s03_p07,s3,Clean shutdowns,343
s03_p08,s3,Clean shutdowns,307
s03_p09,s3,Clean shutdowns,352
s04_p01,s4,,335
s04_p02,s4,,202
s05_p01,s5,,304
s05_p02,s5,,333
s05_p03,s5,Quick start for existing repositories,301
s05_p04,s5,Quick start for using the GVFS protocol,167
s05_p05,s5,Lesson 1: Focus on the files that matter,224
s05_p06,s5,Populated size,203
s05_p07,s5,Modified Size,198
s05_p08,s5,Lesson 2: Reduce object transfer,337
s05_p09,s5,Lesson 3: Don’t wait for expensive operations,209
s05_p10,s5,Set recommended Git config settings,164
s05_p11,s5,Fetch in the background,216
s05_p12,s5,Clean up loose objects,246
s05_p13,s5,Clean up pack-files,241
s05_p14,s5,Scalar and the future of Git,89
s05_p15,s5,Scalar and the future of Git,492
