point_id,k,design,verdict,conditions,reason,rater
P001,3,"Repository Serving Architecture: Horizontal application-server replication — How does the serving application scale its application instances around repository access?
Client Clone Materialization: Virtualized filesystem materialization — Using a virtualized filesystem to support very large repositories without fully materializing content.
Version-Control Operating Model: Spokes checksum — Summarizes reference names, values, and replica state to compare logical contents across replicas.",,,,
P002,2,"Repository Serving Architecture: Stateless repository-serving cluster — Treats local repository copies as replaceable warm caches and avoids authoritative server-local repository state.
Repository Storage Representation: DAG-dependent object traversal — Repository access follows dependent commit, tree, and file references sequentially.",,,,
P003,2,"Authority Synchronization: S3-backed write-ahead log — Persisting authoritative repository updates through a write-ahead log in S3.
Repository Serving Architecture: Dedicated repository fileservers — Storing repositories on dedicated fileservers rather than a shared distributed filesystem.",,,,
P004,2,"Repository Replication Mechanism: Direct S3 replica catch-up — Replicas retrieve WAL indexes and data directly from object storage rather than transferring state replica-to-replica.
Client Index Representation: Untracked cache — Caching untracked-file information to reduce working-directory inspection work.",,,,
P005,2,"Packfile Lifecycle Management: Single-pack-file repacking — Accumulated packfiles are rewritten into one packfile as a maintenance strategy unsuitable for very large repositories.
Client Index Representation: Single-file Git index storage — Maintaining tracked paths in one index file read and written by core commands.",,,,
P006,2,"Client Repository Fetching: Background repository fetching — Fetches objects periodically outside foreground commands to reduce perceived user waiting.
Client Scaling Integration: Low-friction platform migration — Adoption of improved repository infrastructure minimizes migration disruption.",,,,
P007,2,"Maintenance Transition Strategy: Bounded parallel server reboots — Limits concurrent reboots after quiescence to control maintenance disruption.
Client Scaling Integration: Additional Git management layers — The longer-term design rejects continued dependence on management layers such as Scalar above core Git.",,,,
P008,3,"Replica Commit Coordination: Consensus-based repository replication — Uses consensus coordination to keep multiple repository copies consistent during pushes.
Replica Checksum Strategy: Incremental XOR checksum maintenance — Updates checksum contributions when references change instead of rescanning the complete reference set.
Client Configuration and Registration: Automatic enlistment registration during cloning — Registers newly cloned repositories automatically for recommended configuration and maintenance.",,,,
P009,2,"Repository Storage Representation: Whole-file local caching — Caching an entire repository file locally to make random access acceptable.
Repository Placement Strategy: Rendezvous-hashed repository placement — Maps repository identifiers to expected nodes without maintaining authoritative placement state.",,,,
P010,2,"Replica Failure Recovery: Advisory replica-offline status — How is an uncertain offline judgment represented in replica routing?
Repository Storage Representation: Plain Git repositories on local NVMe — Stores ordinary Git repositories on local NVMe to support random packfile reads and standard client access.",,,,
P011,2,"Replica Update Scheduling: Coalesced bookkeeping reference updates — Combining non-time-critical bookkeeping reference updates into fewer transactions.
Replica Topology and Factor: Colocated filesystem replicas — Keeping filesystem replicas near one another because block replication is latency-sensitive.",,,,
P012,2,"Packfile Lifecycle Management: Multi-pack-index reference redirection — Which index mechanism redirects selected objects to newly generated packs while retaining old packs temporarily?
Replica Checksum Strategy: Spokes checksum — Summarizes reference names, values, and replica state to compare logical contents across replicas.",,,,
P013,3,"Client Index Representation: Updated Git index format — Using a compact index representation to reduce large-repository client command overhead.
Client Filesystem and Status Monitoring: Disabled ahead-behind status calculation — Omits potentially expensive branch-divergence computation during status operations.
Replica Topology and Factor: Distant replica placement — Placing replicas across geographically separated locations despite inter-replica latency.",,,,
P014,2,"Replica Failure Recovery: Automated permanent-failure repair — Automatically restoring repository replication after disk or server failures.
Replica Update Scheduling: Coalesced bookkeeping reference updates — Combining non-time-critical bookkeeping reference updates into fewer transactions.",,,,
P015,3,"Client Clone Materialization: Partial-clone object materialization — Fetching missing repository objects on demand instead of storing every reachable object locally.
Client Configuration and Registration: Background configuration updater — Applies supported Git settings asynchronously to registered repositories after installation.
Client Scaling Integration: Scalar performance layer — Uses Scalar as an additional client mechanism for achieving required large-repository performance.",,,,
P016,3,"Replica Update Scheduling: Coalesced bookkeeping reference updates — Combining non-time-critical bookkeeping reference updates into fewer transactions.
Replica Commit Coordination: Three-phase commit — Coordinates replica capability checks, tentative commit, and rollback for deterministic reference-update transactions.
Client Filesystem and Status Monitoring: Disabled ahead-behind status calculation — Omits potentially expensive branch-divergence computation during status operations.",,,,
P017,3,"Authority Synchronization: Fully consistent repository views — Maintains every accessed repository view as fully consistent rather than partially consistent.
Repository Replication Mechanism: S3 distribution of compacted packs — Replicas download already-compacted packs from object storage instead of performing local repacking.
Packfile Lifecycle Management: Primary-only compaction — Only the primary replica performs repository compaction, while replicas consume the recorded result.",,,,
P018,3,"Repository Replication Mechanism: Optimistic UDP gossip replication — Replicas exchange catch-up metadata through lossy gossip while authoritative reads verify state independently.
Repository Storage Representation: Whole-file local caching — Caching an entire repository file locally to make random access acceptable.
Client Maintenance Scheduling: Single-command maintenance execution — Runs configuration, fetching, graph updates, and object cleanup together through one maintenance command.",,,,
P019,3,"Client Clone Materialization: Virtualized filesystem materialization — Using a virtualized filesystem to support very large repositories without fully materializing content.
Client Configuration and Registration: Incremental repository maintenance — Expensive repository upkeep is performed incrementally to limit machine-resource spikes.
Repository Placement Strategy: Any-replica read routing — Routes fetches and clones to any synchronized replica instead of a designated read replica.",,,,
P020,2,"Repository Storage Representation: Single on-disk HTTP repository — An HTTP daemon serves one local on-disk repository.
Replica Write Commitment Policy: Durability-before-write-availability policy — Write availability is sacrificed to prevent permanent data loss.",,,,
P021,3,"Repository Replication Mechanism: Optimistic UDP gossip replication — Replicas exchange catch-up metadata through lossy gossip while authoritative reads verify state independently.
Packfile Lifecycle Management: Incremental pack-file repacking — Which pack-maintenance strategy limits each repacking operation while reducing large repositories’ pack count?
Replica Commit Coordination: Global push linearization — Orders all pushes into one deterministic operation history for repository consistency.",,,,
P022,3,"Repository Storage Representation: Single-local-repository reference synchronization — Reference transactions synchronize with one local repository instead of a replica quorum.
Replica Commit Coordination: Three-phase commit — Coordinates replica capability checks, tentative commit, and rollback for deterministic reference-update transactions.
Client Configuration and Registration: Automatic enlistment registration during cloning — Registers newly cloned repositories automatically for recommended configuration and maintenance.",,,,
P023,2,"Client Clone Materialization: Sparse-checkout materialization — Populating only selected working-tree paths to control client materialization size.
Version-Control Operating Model: Centralized repository hosting — Coordinates users through a centralized repository host despite distributed client capabilities.",,,,
P024,3,"Client Clone Materialization: Virtualized filesystem materialization — Using a virtualized filesystem to support very large repositories without fully materializing content.
Client Maintenance Strategy: Incremental repository maintenance — Expensive repository upkeep is performed incrementally to limit machine-resource spikes.
Client Configuration and Registration: Background configuration updater — Applies supported Git settings asynchronously to registered repositories after installation.",,,,
P025,3,"Repository Storage Representation: Plain Git repositories on local NVMe — Stores ordinary Git repositories on local NVMe to support random packfile reads and standard client access.
Packfile Lifecycle Management: Incremental pack-file repacking — Which pack-maintenance strategy limits each repacking operation while reducing large repositories’ pack count?
Client Maintenance Scheduling: Background Git maintenance — Running repository maintenance asynchronously instead of periodic foreground garbage collection.",,,,
P026,3,"Packfile Lifecycle Management: Primary-only compaction — Only the primary replica performs repository compaction, while replicas consume the recorded result.
Replica Checksum Strategy: Incremental XOR checksum maintenance — Updates checksum contributions when references change instead of rescanning the complete reference set.
Replica Topology and Factor: Elastic per-repository replica allocation — Replica counts vary with repository demand, from minimal availability to large read-serving pools.",,,,
P027,3,"Authority Synchronization: External relational database for repository references — Stores repository references in an external relational database alongside blob-stored packfiles.
Replica Write Commitment Policy: Insufficient-replication write refusal — Writes are refused when the minimum number of durable copies cannot be created.
Replica Checksum Strategy: Majority-based write commitment — Committing writes after a replica majority, with at least two replicas producing the same state.",,,,
P028,2,"Repository Storage Representation: Content-addressable object storage — Repository objects are stored and addressed by content hashes.
Replica Topology and Factor: Block-level filesystem replication — Replicating repository storage at filesystem or block level.",,,,
P029,3,"Repository Replication Mechanism: Fully consistent replica synchronization — Keeps replicated Git data synchronized so clients and CI can immediately read newly pushed commits.
Maintenance Transition Strategy: Rolling reboot testing — Tests failures through planned rack-scoped rolling reboots rather than random interruption.
Client Scaling Integration: Incremental infrastructure evolution — Version-control infrastructure continues evolving as workload and platform conditions change.",,,,
P030,3,"Replica Commit Coordination: Consensus-based repository replication — Uses consensus coordination to keep multiple repository copies consistent during pushes.
Replica Write Commitment Policy: Durability-before-write-availability policy — Write availability is sacrificed to prevent permanent data loss.
Client Scaling Integration: Scalar-to-core-Git transition — Treats Scalar as a transitional solution while equivalent capabilities become available in core Git.",,,,
P031,2,"Authority Synchronization: WAL-based repository consistency — Uses a write-ahead log as the authoritative record for consistent repository operations without an external relational database.
Replica Commit Coordination: Global push linearization — Orders all pushes into one deterministic operation history for repository consistency.",,,,
P032,2,"Repository Replication Mechanism: Direct S3 replica catch-up — Replicas retrieve WAL indexes and data directly from object storage rather than transferring state replica-to-replica.
Replica Write Commitment Policy: Minority-write rollback — Writes lacking majority agreement are reverted on replicas where they were applied.",,,,
P033,3,"Authority Synchronization: Push acknowledgment after WAL persistence — Acknowledges pushes only after their complete operation is durable in the authoritative log.
Client Filesystem and Status Monitoring: Selective modified-path inspection — Git restricts index and cache work to paths reported as changed instead of scanning every populated path.
Client Scaling Integration: Additional Git management layers — The longer-term design rejects continued dependence on management layers such as Scalar above core Git.",,,,
P034,3,"Repository Storage Representation: Plain Git repositories on local NVMe — Stores ordinary Git repositories on local NVMe to support random packfile reads and standard client access.
Repository Placement Strategy: Rendezvous-hashed repository placement — Maps repository identifiers to expected nodes without maintaining authoritative placement state.
Client Scaling Integration: Reliability-performance-scale platform objectives — The client integration direction targets improved reliability, performance, and scale for Git operations.",,,,
P035,2,"Replica Update Scheduling: Coalesced bookkeeping reference updates — Combining non-time-critical bookkeeping reference updates into fewer transactions.
Repository Placement Strategy: Rendezvous-ranked preferred primary — Normally favors the highest-ranked node to reduce compare-and-swap retries while allowing other servers during failures.",,,,
P036,3,"Client Repository Fetching: Hidden remote-reference namespace — Stores background-fetched references under a separate namespace without changing ordinary local or remote-tracking refs.
Client Maintenance Strategy: Complete object-data rewrites — Maintenance rewrites all object data, including compression, during cleanup.
Client Configuration and Registration: Background configuration updater — Applies supported Git settings asynchronously to registered repositories after installation.",,,,
P037,2,"Repository Storage Representation: Distributed filesystem architecture — Distributing repository storage through a shared filesystem.
Replica Topology and Factor: Elastic per-repository replica allocation — Replica counts vary with repository demand, from minimal availability to large read-serving pools.",,,,
P038,2,"Version-Control Operating Model: Durability-before-write-availability policy — Write availability is sacrificed to prevent permanent data loss.
Replica Commit Coordination: Consensus-based repository replication — Uses consensus coordination to keep multiple repository copies consistent during pushes.",,,,
P039,3,"Client Index Representation: Untracked cache — Caching untracked-file information to reduce working-directory inspection work.
Maintenance Transition Strategy: Rack-scoped availability-zone maintenance — Reboots one rack at a time and bounds simultaneous reboots within that rack.
Replica Topology and Factor: Block-level filesystem replication — Replicating repository storage at filesystem or block level.",,,,
P040,2,"Replica Write Commitment Policy: Consistency and partition-tolerance priority — Replication preserves consistency and partition tolerance even when unrestricted availability is sacrificed.
Client Scaling Integration: Reliability-performance-scale platform objectives — The client integration direction targets improved reliability, performance, and scale for Git operations.",,,,
P041,3,"Repository Replication Mechanism: Git-and-rsync replication mechanisms — Combining Git and rsync mechanisms to replicate repository content.
Replica Write Commitment Policy: Minority-write rollback — Writes lacking majority agreement are reverted on replicas where they were applied.
Repository Placement Strategy: Any-replica read routing — Routes fetches and clones to any synchronized replica instead of a designated read replica.",,,,
P042,2,"Replica Commit Coordination: Majority-based write commitment — Committing writes after a replica majority, with at least two replicas producing the same state.
Maintenance Transition Strategy: Rack-scoped availability-zone maintenance — Reboots one rack at a time and bounds simultaneous reboots within that rack.",,,,
P043,3,"Authority Synchronization: Single-local-repository reference synchronization — Reference transactions synchronize with one local repository instead of a replica quorum.
Version-Control Operating Model: Decentralized subsystem-maintainer workflow — Organizes development through many maintainers and decentralized subsystem ownership.
Client Configuration and Registration: Automatic enlistment registration during cloning — Registers newly cloned repositories automatically for recommended configuration and maintenance.",,,,
P044,3,"Replica Failure Recovery: Heartbeat-based primary failure detection — Which mechanism is used as the primary detector for failed repository servers?
Replica Checksum Strategy: Incremental XOR checksum maintenance — Updates checksum contributions when references change instead of rescanning the complete reference set.
Client Filesystem and Status Monitoring: Git-aware filesystem watcher — Using a Git-specific watcher to avoid broad filesystem scans during client maintenance.",,,,
P045,3,"Authority Synchronization: S3 compare-and-swap synchronization — Uses atomic S3 compare-and-swap operations to serialize concurrent write-ahead-log updates.
Version-Control Operating Model: Centralized repository hosting — Coordinates users through a centralized repository host despite distributed client capabilities.
Repository Storage Representation: Normal on-disk Git repository operations — Runs standard Git operations against ordinary on-disk repositories using upstream-compatible tooling.",,,,
P046,2,"Authority Synchronization: Consensus-free repository primaries — Allows any server to receive updates instead of using elections or fixed primary ownership.
Client Scaling Integration: GVFS Protocol in standard Git — Is the GVFS Protocol integrated into the standard Git client?",,,,
P047,3,"Packfile Lifecycle Management: Incremental pack-file repacking — Which pack-maintenance strategy limits each repacking operation while reducing large repositories’ pack count?
Client Filesystem and Status Monitoring: Performance bottleneck tracing — Using custom traces and user feedback to identify large-repository client bottlenecks.
Maintenance Transition Strategy: Rack-scoped availability-zone maintenance — Reboots one rack at a time and bounds simultaneous reboots within that rack.",,,,
P048,2,"Client Configuration and Registration: Background configuration updater — Applies supported Git settings asynchronously to registered repositories after installation.
Client Scaling Integration: Consistency and partition-tolerance priority — Replication preserves consistency and partition tolerance even when unrestricted availability is sacrificed.",,,,
P049,2,"Maintenance Transition Strategy: Quiescing period — Withdraws a server from new reads while allowing active operations to drain before reboot.
Client Scaling Integration: Scalar configuration tuning — Applying recommended Git configuration values to accelerate client commands.",,,,
P050,3,"Repository Serving Architecture: Co-located GVFS cache server — Places a cache server with the repository to handle many GVFS protocol requests.
Version-Control Operating Model: Offline work and delayed-push capabilities — Provides offline development and postpones synchronization with the central host.
Replica Write Commitment Policy: Insufficient-replication write refusal — Writes are refused when the minimum number of durable copies cannot be created.",,,,
P051,2,"Replica Checksum Strategy: Incremental XOR checksum maintenance — Updates checksum contributions when references change instead of rescanning the complete reference set.
Client Index Representation: Updated Git index format — Using a compact index representation to reduce large-repository client command overhead.",,,,
P052,2,"Replica Failure Recovery: Per-application-server failure isolation — How are failure classifications isolated when one application server has a local connectivity or DNS fault?
Repository Storage Representation: Server-internal non-packfile storage — The server uses an internal representation other than packfiles while preserving packfile network operations.",,,,
P053,3,"Repository Serving Architecture: Horizontal application-server replication — How does the serving application scale its application instances around repository access?
Replica Failure Recovery: Cross-server fault inference — How are file-server faults distinguished from application-server faults?
Client Configuration and Registration: Background configuration updater — Applies supported Git settings asynchronously to registered repositories after installation.",,,,
P054,2,"Client Clone Materialization: Nested source working directory — Places the working tree beneath the repository directory to separate source files from adjacent build outputs.
Replica Update Scheduling: Consistency and partition-tolerance priority — Replication preserves consistency and partition tolerance even when unrestricted availability is sacrificed.",,,,
P055,3,"Authority Synchronization: Push acknowledgment after WAL persistence — Acknowledges pushes only after their complete operation is durable in the authoritative log.
Repository Replication Mechanism: Packfile-level replication — Replicates Git data as packfiles while leaving Git operations standard on each repository replica.
Replica Topology and Factor: Three replicas per repository — Maintaining three repository copies as the selected replication factor.",,,,
P056,3,"Repository Storage Representation: Whole-file local caching — Caching an entire repository file locally to make random access acceptable.
Replica Commit Coordination: Global push linearization — Orders all pushes into one deterministic operation history for repository consistency.
Client Configuration and Registration: Automatic enlistment registration during cloning — Registers newly cloned repositories automatically for recommended configuration and maintenance.",,,,
P057,3,"Replica Failure Recovery: MxN failure-detection matrix — How are failure observations distributed across application servers and file servers?
Packfile Lifecycle Management: Primary-only compaction — Only the primary replica performs repository compaction, while replicas consume the recorded result.
Replica Write Commitment Policy: Minority-write rollback — Writes lacking majority agreement are reverted on replicas where they were applied.",,,,
P058,2,"Repository Serving Architecture: GVFS without cache server — Uses GVFS protocol without a dedicated cache server for repositories small enough not to require one.
Client Clone Materialization: GVFS-protocol cloning — Cloning through the GVFS hosting protocol for large repositories.",,,,
P059,3,"Replica Update Scheduling: Priority scheduling for user-initiated updates — Prioritizing user reference updates over bookkeeping updates during cascades.
Client Repository Fetching: Hidden remote-reference namespace — Stores background-fetched references under a separate namespace without changing ordinary local or remote-tracking refs.
Client Maintenance Strategy: Incremental repository maintenance — Expensive repository upkeep is performed incrementally to limit machine-resource spikes.",,,,
P060,2,"Packfile Lifecycle Management: Incremental pack-file repacking — Which pack-maintenance strategy limits each repacking operation while reducing large repositories’ pack count?
Replica Commit Coordination: Global push linearization — Orders all pushes into one deterministic operation history for repository consistency.",,,,
P061,3,"Authority Synchronization: WAL-based repository consistency — Uses a write-ahead log as the authoritative record for consistent repository operations without an external relational database.
Replica Write Commitment Policy: Insufficient-replication write refusal — Writes are refused when the minimum number of durable copies cannot be created.
Client Maintenance Strategy: Complete object-data rewrites — Maintenance rewrites all object data, including compression, during cleanup.",,,,
P062,2,"Repository Placement Strategy: Any-replica read routing — Routes fetches and clones to any synchronized replica instead of a designated read replica.
Client Scaling Integration: Scalar-to-core-Git transition — Treats Scalar as a transitional solution while equivalent capabilities become available in core Git.",,,,
P063,2,"Repository Storage Representation: Packfile-based repository storage — Repository code and metadata are stored in compressed filesystem packfiles.
Maintenance Transition Strategy: Performance bottleneck tracing — Using custom traces and user feedback to identify large-repository client bottlenecks.",,,,
P064,3,"Packfile Lifecycle Management: Multi-pack-index reference redirection — Which index mechanism redirects selected objects to newly generated packs while retaining old packs temporarily?
Replica Write Commitment Policy: Consistency and partition-tolerance priority — Replication preserves consistency and partition tolerance even when unrestricted availability is sacrificed.
Repository Placement Strategy: Repository-ID and healthy-node routing — Uses only the repository ID and current healthy-node set, tolerating stale routing because repositories can be rematerialized.",,,,
P065,3,"Repository Serving Architecture: GVFS without cache server — Uses GVFS protocol without a dedicated cache server for repositories small enough not to require one.
Client Clone Materialization: Sparse-checkout materialization — Populating only selected working-tree paths to control client materialization size.
Version-Control Operating Model: Central-server-coupled object retrieval — Clients rely on a central server for missing objects, relaxing the fully distributed collaboration model.",,,,
P066,3,"Repository Storage Representation: Whole-file local caching — Caching an entire repository file locally to make random access acceptable.
Packfile Lifecycle Management: Deferred obsolete-pack deletion — When are obsolete pack files deleted relative to pack creation and reference updates?
Client Maintenance Strategy: Incremental repository maintenance — Expensive repository upkeep is performed incrementally to limit machine-resource spikes.",,,,
P067,2,"Repository Serving Architecture: Stateless repository-serving cluster — Treats local repository copies as replaceable warm caches and avoids authoritative server-local repository state.
Client Clone Materialization: Partial-clone object materialization — Fetching missing repository objects on demand instead of storing every reachable object locally.",,,,
P068,3,"Replica Write Commitment Policy: Consistency and partition-tolerance priority — Replication preserves consistency and partition tolerance even when unrestricted availability is sacrificed.
Maintenance Transition Strategy: Primary-only compaction — Only the primary replica performs repository compaction, while replicas consume the recorded result.
Client Scaling Integration: Low-friction platform migration — Adoption of improved repository infrastructure minimizes migration disruption.",,,,
P069,3,"Replica Failure Recovery: Automated permanent-failure repair — Automatically restoring repository replication after disk or server failures.
Repository Replication Mechanism: Optimistic UDP gossip replication — Replicas exchange catch-up metadata through lossy gossip while authoritative reads verify state independently.
Client Maintenance Strategy: Incremental repository maintenance — Expensive repository upkeep is performed incrementally to limit machine-resource spikes.",,,,
P070,3,"Client Index Representation: Single-file Git index storage — Maintaining tracked paths in one index file read and written by core commands.
Client Filesystem and Status Monitoring: Watchman filesystem watching — Using the general-purpose Watchman watcher for client filesystem change detection.
Client Scaling Integration: Low-friction platform migration — Adoption of improved repository infrastructure minimizes migration disruption.",,,,
P071,2,"Client Repository Fetching: Separate fetch-objects endpoint — Downloading pack files through a separate endpoint while central services control branch updates.
Replica Commit Coordination: Three-phase commit — Coordinates replica capability checks, tentative commit, and rollback for deterministic reference-update transactions.",,,,
P072,2,"Authority Synchronization: S3 compare-and-swap synchronization — Uses atomic S3 compare-and-swap operations to serialize concurrent write-ahead-log updates.
Repository Placement Strategy: Rendezvous-hashed repository placement — Maps repository identifiers to expected nodes without maintaining authoritative placement state.",,,,
P073,3,"Authority Synchronization: S3 compare-and-swap synchronization — Uses atomic S3 compare-and-swap operations to serialize concurrent write-ahead-log updates.
Repository Replication Mechanism: Packfile-level replication — Replicates Git data as packfiles while leaving Git operations standard on each repository replica.
Repository Storage Representation: Size-minimizing packfile layout — Organizing packed objects primarily to minimize storage size, accepting physical indirection and random reads.",,,,
P074,3,"Repository Storage Representation: Distributed filesystem architecture — Distributing repository storage through a shared filesystem.
Repository Placement Strategy: Any-replica read routing — Routes fetches and clones to any synchronized replica instead of a designated read replica.
Replica Topology and Factor: Rack-level replica anti-colocation — Placing repository replicas in different racks to isolate rack-wide failures.",,,,
P075,2,"Replica Checksum Strategy: Incremental XOR checksum maintenance — Updates checksum contributions when references change instead of rescanning the complete reference set.
Maintenance Transition Strategy: Direct reboot or unplugging — Stops a server immediately, risking interruption and loss of progress for long-running reads such as large clones.",,,,
P076,2,"Authority Synchronization: Incremental XOR checksum maintenance — Updates checksum contributions when references change instead of rescanning the complete reference set.
Client Configuration and Registration: Background configuration updater — Applies supported Git settings asynchronously to registered repositories after installation.",,,,
P077,3,"Repository Serving Architecture: GVFS without cache server — Uses GVFS protocol without a dedicated cache server for repositories small enough not to require one.
Client Clone Materialization: GVFS-protocol cloning — Cloning through the GVFS hosting protocol for large repositories.
Version-Control Operating Model: Central-server-coupled object retrieval — Clients rely on a central server for missing objects, relaxing the fully distributed collaboration model.",,,,
P078,2,"Repository Storage Representation: Distributed filesystem architecture — Distributing repository storage through a shared filesystem.
Client Filesystem and Status Monitoring: Selective modified-path inspection — Git restricts index and cache work to paths reported as changed instead of scanning every populated path.",,,,
P079,2,"Repository Serving Architecture: Warm-cache materialization — Recreates absent local repositories from the S3 write-ahead log when routing directs work to another node.
Repository Placement Strategy: Rendezvous-ranked preferred primary — Normally favors the highest-ranked node to reduce compare-and-swap retries while allowing other servers during failures.",,,,
P080,3,"Version-Control Operating Model: Distributed version-control model — Retains decentralized repositories and offline change exchange as the underlying version-control model.
Client Repository Fetching: Hidden remote-reference namespace — Stores background-fetched references under a separate namespace without changing ordinary local or remote-tracking refs.
Replica Checksum Strategy: Non-voting geo-replication replicas — Keeping geographically replicated hosts out of write-voting quorums so writes survive their temporary unavailability.",,,,
P081,3,"Repository Serving Architecture: Warm-cache materialization — Recreates absent local repositories from the S3 write-ahead log when routing directs work to another node.
Replica Failure Recovery: Pet-style repository operations — Are repositories managed as individually irreplaceable assets or interchangeable instances?
Repository Storage Representation: Packfile-based network transfer — Git transfers repository changes through packfiles over the network.",,,,
P082,2,"Repository Storage Representation: DAG-dependent object traversal — Repository access follows dependent commit, tree, and file references sequentially.
Repository Placement Strategy: Rendezvous-hashed repository placement — Maps repository identifiers to expected nodes without maintaining authoritative placement state.",,,,
P083,3,"Repository Replication Mechanism: S3 distribution of compacted packs — Replicas download already-compacted packs from object storage instead of performing local repacking.
Repository Storage Representation: Distributed hash-table packfile storage — Normal on-disk packfiles are replaced by a distributed hash table.
Packfile Lifecycle Management: Multi-pack-index reference redirection — Which index mechanism redirects selected objects to newly generated packs while retaining old packs temporarily?",,,,
P084,2,"Client Maintenance Scheduling: Background split commit-graph maintenance — Updates reachable commit graphs incrementally in the background to preserve large-repository performance.
Client Maintenance Strategy: Complete object-data rewrites — Maintenance rewrites all object data, including compression, during cleanup.",,,,
P085,3,"Version-Control Operating Model: Central-server-coupled object retrieval — Clients rely on a central server for missing objects, relaxing the fully distributed collaboration model.
Client Configuration and Registration: Automatic enlistment registration during cloning — Registers newly cloned repositories automatically for recommended configuration and maintenance.
Client Scaling Integration: Low-friction platform migration — Adoption of improved repository infrastructure minimizes migration disruption.",,,,
P086,3,"Replica Failure Recovery: Pet-style repository operations — Are repositories managed as individually irreplaceable assets or interchangeable instances?
Packfile Lifecycle Management: Single-local-repository reference synchronization — Reference transactions synchronize with one local repository instead of a replica quorum.
Replica Commit Coordination: Majority-based write commitment — Committing writes after a replica majority, with at least two replicas producing the same state.",,,,
P087,2,"Packfile Lifecycle Management: Deferred obsolete-pack deletion — When are obsolete pack files deleted relative to pack creation and reference updates?
Repository Placement Strategy: Repository-ID and healthy-node routing — Uses only the repository ID and current healthy-node set, tolerating stale routing because repositories can be rematerialized.",,,,
P088,3,"Packfile Lifecycle Management: Multi-pack-index reference redirection — Which index mechanism redirects selected objects to newly generated packs while retaining old packs temporarily?
Client Index Representation: Untracked cache — Caching untracked-file information to reduce working-directory inspection work.
Client Scaling Integration: Core Git performance capabilities — Moves repository management and performance features into the core Git client.",,,,
P089,3,"Replica Failure Recovery: Retiring-server replica-count removal — Removing a retiring server from active replica counts while keeping it available until repairs complete.
Repository Storage Representation: Selective modified-path inspection — Git restricts index and cache work to paths reported as changed instead of scanning every populated path.
Replica Topology and Factor: Rack-level replica anti-colocation — Placing repository replicas in different racks to isolate rack-wide failures.",,,,
P090,3,"Repository Replication Mechanism: Unsynchronized packfile distribution — Fans out unreachable packfiles without consensus, relying on later synchronized reference commitment.
Client Maintenance Strategy: Complete object-data rewrites — Maintenance rewrites all object data, including compression, during cleanup.
Repository Placement Strategy: Repository-ID and healthy-node routing — Uses only the repository ID and current healthy-node set, tolerating stale routing because repositories can be rematerialized.",,,,
P091,3,"Authority Synchronization: Periodic WAL compaction — The write-ahead log is periodically compacted to bound restore cost and retained history.
Repository Serving Architecture: Stateless repository-serving cluster — Treats local repository copies as replaceable warm caches and avoids authoritative server-local repository state.
Client Clone Materialization: GVFS-protocol cloning — Cloning through the GVFS hosting protocol for large repositories.",,,,
P092,3,"Repository Replication Mechanism: Idle-replica removal and rematerialization — Inactive repository replicas are removed from disks and recreated from the authoritative WAL when needed.
Replica Write Commitment Policy: Consistency and partition-tolerance priority — Replication preserves consistency and partition tolerance even when unrestricted availability is sacrificed.
Repository Placement Strategy: Repository-ID and healthy-node routing — Uses only the repository ID and current healthy-node set, tolerating stale routing because repositories can be rematerialized.",,,,
P093,3,"Client Maintenance Strategy: Complete object-data rewrites — Maintenance rewrites all object data, including compression, during cleanup.
Client Index Representation: Single-file Git index storage — Maintaining tracked paths in one index file read and written by core commands.
Client Filesystem and Status Monitoring: Git-aware filesystem watcher — Using a Git-specific watcher to avoid broad filesystem scans during client maintenance.",,,,
P094,3,"Client Maintenance Scheduling: Background split commit-graph maintenance — Updates reachable commit graphs incrementally in the background to preserve large-repository performance.
Client Filesystem and Status Monitoring: Disabled ahead-behind status calculation — Omits potentially expensive branch-divergence computation during status operations.
Maintenance Transition Strategy: Continued write delivery during quiescence — Continues sending writes to the quiescing replica so it does not fall arbitrarily behind.",,,,
P095,3,"Version-Control Operating Model: Foreground maintenance execution — Allows operators to run repository maintenance manually on demand alongside scheduled background work.
Repository Storage Representation: Normal on-disk Git repository operations — Runs standard Git operations against ordinary on-disk repositories using upstream-compatible tooling.
Client Configuration and Registration: Background configuration updater — Applies supported Git settings asynchronously to registered repositories after installation.",,,,
P096,3,"Authority Synchronization: Push acknowledgment after WAL persistence — Acknowledges pushes only after their complete operation is durable in the authoritative log.
Replica Checksum Strategy: Spokes checksum — Summarizes reference names, values, and replica state to compare logical contents across replicas.
Replica Topology and Factor: Distant replica placement — Placing replicas across geographically separated locations despite inter-replica latency.",,,,
P097,3,"Version-Control Operating Model: Centralized repository hosting — Coordinates users through a centralized repository host despite distributed client capabilities.
Replica Write Commitment Policy: Durability-before-write-availability policy — Write availability is sacrificed to prevent permanent data loss.
Maintenance Transition Strategy: Rack-scoped availability-zone maintenance — Reboots one rack at a time and bounds simultaneous reboots within that rack.",,,,
P098,3,"Repository Serving Architecture: Co-located GVFS cache server — Places a cache server with the repository to handle many GVFS protocol requests.
Client Clone Materialization: GVFS-protocol cloning — Cloning through the GVFS hosting protocol for large repositories.
Version-Control Operating Model: Central-server-coupled object retrieval — Clients rely on a central server for missing objects, relaxing the fully distributed collaboration model.",,,,
P099,2,"Client Maintenance Scheduling: Single-command maintenance execution — Runs configuration, fetching, graph updates, and object cleanup together through one maintenance command.
Maintenance Transition Strategy: Direct reboot or unplugging — Stops a server immediately, risking interruption and loss of progress for long-running reads such as large clones.",,,,
P100,2,"Repository Serving Architecture: Git protocol with Scalar registration — Uses ordinary Git protocol and client registration when GVFS cache infrastructure is unavailable.
Client Repository Fetching: Hidden remote-reference namespace — Stores background-fetched references under a separate namespace without changing ordinary local or remote-tracking refs.",,,,
P101,3,"Authority Synchronization: Push acknowledgment after WAL persistence — Acknowledges pushes only after their complete operation is durable in the authoritative log.
Client Maintenance Strategy: Complete object-data rewrites — Maintenance rewrites all object data, including compression, during cleanup.
Replica Topology and Factor: Colocated filesystem replicas — Keeping filesystem replicas near one another because block replication is latency-sensitive.",,,,
P102,2,"Repository Storage Representation: Packfile-level replication — Replicates Git data as packfiles while leaving Git operations standard on each repository replica.
Replica Topology and Factor: Rack-level replica anti-colocation — Placing repository replicas in different racks to isolate rack-wide failures.",,,,
P103,2,"Client Index Representation: Updated Git index format — Using a compact index representation to reduce large-repository client command overhead.
Client Scaling Integration: Scalar performance layer — Uses Scalar as an additional client mechanism for achieving required large-repository performance.",,,,
P104,2,"Client Clone Materialization: GVFS-protocol cloning — Cloning through the GVFS hosting protocol for large repositories.
Client Configuration and Registration: Rendezvous-hashed repository placement — Maps repository identifiers to expected nodes without maintaining authoritative placement state.",,,,
P105,3,"Version-Control Operating Model: Offline work and delayed-push capabilities — Provides offline development and postpones synchronization with the central host.
Packfile Lifecycle Management: Incremental pack-file repacking — Which pack-maintenance strategy limits each repacking operation while reducing large repositories’ pack count?
Client Repository Fetching: Hidden remote-reference namespace — Stores background-fetched references under a separate namespace without changing ordinary local or remote-tracking refs.",,,,
P106,2,"Authority Synchronization: Centralized repository hosting — Coordinates users through a centralized repository host despite distributed client capabilities.
Client Maintenance Strategy: Complete object-data rewrites — Maintenance rewrites all object data, including compression, during cleanup.",,,,
P107,2,"Replica Update Scheduling: Coalesced bookkeeping reference updates — Combining non-time-critical bookkeeping reference updates into fewer transactions.
Client Configuration and Registration: Background configuration updater — Applies supported Git settings asynchronously to registered repositories after installation.",,,,
P108,2,"Client Clone Materialization: Sparse-checkout materialization — Populating only selected working-tree paths to control client materialization size.
Client Configuration and Registration: Durability-before-write-availability policy — Write availability is sacrificed to prevent permanent data loss.",,,,
P109,3,"Repository Storage Representation: Distributed filesystem architecture — Distributing repository storage through a shared filesystem.
Packfile Lifecycle Management: Primary-only compaction — Only the primary replica performs repository compaction, while replicas consume the recorded result.
Replica Write Commitment Policy: Durability-before-write-availability policy — Write availability is sacrificed to prevent permanent data loss.",,,,
P110,2,"Client Index Representation: Updated Git index format — Using a compact index representation to reduce large-repository client command overhead.
Client Scaling Integration: Reliability-performance-scale platform objectives — The client integration direction targets improved reliability, performance, and scale for Git operations.",,,,
P111,2,"Repository Storage Representation: Content-addressable object storage — Repository objects are stored and addressed by content hashes.
Client Configuration and Registration: Background configuration updater — Applies supported Git settings asynchronously to registered repositories after installation.",,,,
P112,3,"Repository Replication Mechanism: Application-level repository replication — Applying repository replication in an application-level system rather than filesystem replication.
Client Repository Fetching: Hidden remote-reference namespace — Stores background-fetched references under a separate namespace without changing ordinary local or remote-tracking refs.
Client Configuration and Registration: Automatic enlistment registration during cloning — Registers newly cloned repositories automatically for recommended configuration and maintenance.",,,,
P113,2,"Repository Serving Architecture: Co-located GVFS cache server — Places a cache server with the repository to handle many GVFS protocol requests.
Replica Write Commitment Policy: Durability-before-write-availability policy — Write availability is sacrificed to prevent permanent data loss.",,,,
P114,3,"Repository Serving Architecture: RPC-based repository access — Accessing repositories remotely through an application-facing RPC layer.
Version-Control Operating Model: Distributed version-control model — Retains decentralized repositories and offline change exchange as the underlying version-control model.
Repository Storage Representation: Size-minimizing packfile layout — Organizing packed objects primarily to minimize storage size, accepting physical indirection and random reads.",,,,
P115,2,"Repository Serving Architecture: Background repository fetching — Fetches objects periodically outside foreground commands to reduce perceived user waiting.
Client Filesystem and Status Monitoring: Git-aware filesystem watcher — Using a Git-specific watcher to avoid broad filesystem scans during client maintenance.",,,,
P116,2,"Client Configuration and Registration: Background configuration updater — Applies supported Git settings asynchronously to registered repositories after installation.
Repository Placement Strategy: Any-replica read routing — Routes fetches and clones to any synchronized replica instead of a designated read replica.",,,,
P117,3,"Client Index Representation: Single-file Git index storage — Maintaining tracked paths in one index file read and written by core commands.
Client Configuration and Registration: Automatic enlistment registration during cloning — Registers newly cloned repositories automatically for recommended configuration and maintenance.
Replica Topology and Factor: Idle-replica removal and rematerialization — Inactive repository replicas are removed from disks and recreated from the authoritative WAL when needed.",,,,
P118,2,"Repository Replication Mechanism: Unsynchronized packfile distribution — Fans out unreachable packfiles without consensus, relying on later synchronized reference commitment.
Client Scaling Integration: Reliability-performance-scale platform objectives — The client integration direction targets improved reliability, performance, and scale for Git operations.",,,,
P119,2,"Client Clone Materialization: GVFS-protocol cloning — Cloning through the GVFS hosting protocol for large repositories.
Version-Control Operating Model: Centralized repository hosting — Coordinates users through a centralized repository host despite distributed client capabilities.",,,,
P120,3,"Repository Serving Architecture: Horizontal application-server replication — How does the serving application scale its application instances around repository access?
Repository Replication Mechanism: Packfile-level replication — Replicates Git data as packfiles while leaving Git operations standard on each repository replica.
Repository Storage Representation: Size-minimizing packfile layout — Organizing packed objects primarily to minimize storage size, accepting physical indirection and random reads.",,,,
P121,3,"Replica Failure Recovery: Three-consecutive-failure offline threshold — A replica is marked offline only after three consecutive request failures.
Repository Replication Mechanism: Direct S3 replica catch-up — Replicas retrieve WAL indexes and data directly from object storage rather than transferring state replica-to-replica.
Repository Storage Representation: Multi-machine repository placement — Repository data is distributed across multiple disks and machines for parallelism and availability.",,,,
P122,3,"Repository Serving Architecture: Stateless repository-serving cluster — Treats local repository copies as replaceable warm caches and avoids authoritative server-local repository state.
Replica Commit Coordination: Global push linearization — Orders all pushes into one deterministic operation history for repository consistency.
Replica Write Commitment Policy: Consistency and partition-tolerance priority — Replication preserves consistency and partition tolerance even when unrestricted availability is sacrificed.",,,,
P123,2,"Repository Replication Mechanism: S3 distribution of compacted packs — Replicas download already-compacted packs from object storage instead of performing local repacking.
Packfile Lifecycle Management: Incremental pack-file repacking — Which pack-maintenance strategy limits each repacking operation while reducing large repositories’ pack count?",,,,
P124,2,"Replica Commit Coordination: Global push linearization — Orders all pushes into one deterministic operation history for repository consistency.
Client Configuration and Registration: Automatic enlistment registration during cloning — Registers newly cloned repositories automatically for recommended configuration and maintenance.",,,,
P125,3,"Repository Serving Architecture: Co-located GVFS cache server — Places a cache server with the repository to handle many GVFS protocol requests.
Client Clone Materialization: Partial-clone object materialization — Fetching missing repository objects on demand instead of storing every reachable object locally.
Version-Control Operating Model: Central-server-coupled object retrieval — Clients rely on a central server for missing objects, relaxing the fully distributed collaboration model.",,,,
P126,2,"Repository Replication Mechanism: Fully consistent replica synchronization — Keeps replicated Git data synchronized so clients and CI can immediately read newly pushed commits.
Maintenance Transition Strategy: Rolling reboot testing — Tests failures through planned rack-scoped rolling reboots rather than random interruption.",,,,
P127,2,"Repository Replication Mechanism: Packfile-level replication — Replicates Git data as packfiles while leaving Git operations standard on each repository replica.
Packfile Lifecycle Management: Updated Git index format — Using a compact index representation to reduce large-repository client command overhead.",,,,
P128,3,"Client Clone Materialization: Partial-clone object materialization — Fetching missing repository objects on demand instead of storing every reachable object locally.
Replica Failure Recovery: Per-application-server failure isolation — How are failure classifications isolated when one application server has a local connectivity or DNS fault?
Packfile Lifecycle Management: Deferred obsolete-pack deletion — When are obsolete pack files deleted relative to pack creation and reference updates?",,,,
P129,2,"Packfile Lifecycle Management: Incremental pack-file repacking — Which pack-maintenance strategy limits each repacking operation while reducing large repositories’ pack count?
Client Configuration and Registration: Automatic enlistment registration during cloning — Registers newly cloned repositories automatically for recommended configuration and maintenance.",,,,
P130,2,"Authority Synchronization: Batched WAL uploads — Multiple pushes are grouped to avoid one object-store write per push.
Client Index Representation: Single-file Git index storage — Maintaining tracked paths in one index file read and written by core commands.",,,,
P131,3,"Replica Failure Recovery: Three-consecutive-failure offline threshold — A replica is marked offline only after three consecutive request failures.
Repository Storage Representation: Plain Git repositories on local NVMe — Stores ordinary Git repositories on local NVMe to support random packfile reads and standard client access.
Replica Topology and Factor: Rack-level replica anti-colocation — Placing repository replicas in different racks to isolate rack-wide failures.",,,,
P132,2,"Repository Placement Strategy: Spokes checksum — Summarizes reference names, values, and replica state to compare logical contents across replicas.
Maintenance Transition Strategy: Bounded parallel server reboots — Limits concurrent reboots after quiescence to control maintenance disruption.",,,,
P133,2,"Repository Serving Architecture: Co-located GVFS cache server — Places a cache server with the repository to handle many GVFS protocol requests.
Client Clone Materialization: GVFS-protocol cloning — Cloning through the GVFS hosting protocol for large repositories.",,,,
P134,3,"Authority Synchronization: S3 compare-and-swap synchronization — Uses atomic S3 compare-and-swap operations to serialize concurrent write-ahead-log updates.
Repository Replication Mechanism: Packfile-level replication — Replicates Git data as packfiles while leaving Git operations standard on each repository replica.
Repository Storage Representation: Multi-machine repository placement — Repository data is distributed across multiple disks and machines for parallelism and availability.",,,,
P135,2,"Replica Commit Coordination: Majority-based write commitment — Committing writes after a replica majority, with at least two replicas producing the same state.
Client Index Representation: Updated Git index format — Using a compact index representation to reduce large-repository client command overhead.",,,,
P136,3,"Repository Serving Architecture: GVFS without cache server — Uses GVFS protocol without a dedicated cache server for repositories small enough not to require one.
Client Clone Materialization: GVFS-protocol cloning — Cloning through the GVFS hosting protocol for large repositories.
Version-Control Operating Model: Centralized repository hosting — Coordinates users through a centralized repository host despite distributed client capabilities.",,,,
P137,2,"Replica Commit Coordination: Overlapped coordinator work during network waits — The coordinator performs locking, checksumming, and reads concurrently with network operations.
Replica Topology and Factor: Three replicas per repository — Maintaining three repository copies as the selected replication factor.",,,,
P138,2,"Authority Synchronization: One-object-store-write-per-push ingestion — Each push is ingested with a separate object-store write.
Replica Checksum Strategy: Incremental XOR checksum maintenance — Updates checksum contributions when references change instead of rescanning the complete reference set.",,,,
P139,2,"Client Repository Fetching: Rendezvous-hashed repository placement — Maps repository identifiers to expected nodes without maintaining authoritative placement state.
Client Maintenance Strategy: Complete object-data rewrites — Maintenance rewrites all object data, including compression, during cleanup.",,,,
P140,3,"Authority Synchronization: S3-backed write-ahead log — Persisting authoritative repository updates through a write-ahead log in S3.
Version-Control Operating Model: Centralized repository hosting — Coordinates users through a centralized repository host despite distributed client capabilities.
Repository Replication Mechanism: Packfile-level replication — Replicates Git data as packfiles while leaving Git operations standard on each repository replica.",,,,
P141,2,"Repository Storage Representation: Multi-machine repository placement — Repository data is distributed across multiple disks and machines for parallelism and availability.
Replica Write Commitment Policy: Insufficient-replication write refusal — Writes are refused when the minimum number of durable copies cannot be created.",,,,
P142,3,"Repository Storage Representation: Eventually consistent repository replicas — Allows replicas to expose newly pushed repository data only after propagation completes.
Repository Placement Strategy: Repository-ID and healthy-node routing — Uses only the repository ID and current healthy-node set, tolerating stale routing because repositories can be rematerialized.
Replica Topology and Factor: Non-voting geo-replication replicas — Keeping geographically replicated hosts out of write-voting quorums so writes survive their temporary unavailability.",,,,
P143,3,"Client Index Representation: Updated Git index format — Using a compact index representation to reduce large-repository client command overhead.
Client Filesystem and Status Monitoring: Performance bottleneck tracing — Using custom traces and user feedback to identify large-repository client bottlenecks.
Replica Topology and Factor: Coalesced bookkeeping reference updates — Combining non-time-critical bookkeeping reference updates into fewer transactions.",,,,
P144,3,"Packfile Lifecycle Management: Primary-only compaction — Only the primary replica performs repository compaction, while replicas consume the recorded result.
Client Filesystem and Status Monitoring: Idle-replica removal and rematerialization — Inactive repository replicas are removed from disks and recreated from the authoritative WAL when needed.
Client Scaling Integration: Custom Git build dependency — Requires a Git build containing Scalar-specific functionality for repository-scaling features.",,,,
P145,2,"Authority Synchronization: Performance bottleneck tracing — Using custom traces and user feedback to identify large-repository client bottlenecks.
Repository Replication Mechanism: Unsynchronized packfile distribution — Fans out unreachable packfiles without consensus, relying on later synchronized reference commitment.",,,,
P146,3,"Repository Storage Representation: Distributed identical repository instances — Hosting servers and developer machines retain the same distributed repository model.
Packfile Lifecycle Management: Replica-side repository repacking — Replicas independently trigger repository repacking as opposed to consuming primary-produced compacted data.
Client Index Representation: Untracked cache — Caching untracked-file information to reduce working-directory inspection work.",,,,
P147,2,"Repository Serving Architecture: RPC-based repository access — Accessing repositories remotely through an application-facing RPC layer.
Replica Update Scheduling: Coalesced bookkeeping reference updates — Combining non-time-critical bookkeeping reference updates into fewer transactions.",,,,
P148,3,"Replica Checksum Strategy: Incremental XOR checksum maintenance — Updates checksum contributions when references change instead of rescanning the complete reference set.
Repository Placement Strategy: Repository-ID and healthy-node routing — Uses only the repository ID and current healthy-node set, tolerating stale routing because repositories can be rematerialized.
Replica Topology and Factor: Colocated filesystem replicas — Keeping filesystem replicas near one another because block replication is latency-sensitive.",,,,
P149,2,"Authority Synchronization: Consensus-free repository primaries — Allows any server to receive updates instead of using elections or fixed primary ownership.
Client Repository Fetching: Priority scheduling for user-initiated updates — Prioritizing user reference updates over bookkeeping updates during cascades.",,,,
P150,3,"Packfile Lifecycle Management: Deferred obsolete-pack deletion — When are obsolete pack files deleted relative to pack creation and reference updates?
Client Configuration and Registration: Background configuration updater — Applies supported Git settings asynchronously to registered repositories after installation.
Repository Placement Strategy: Size-minimizing packfile layout — Organizing packed objects primarily to minimize storage size, accepting physical indirection and random reads.",,,,
P151,2,"Replica Failure Recovery: Advisory replica-offline status — How is an uncertain offline judgment represented in replica routing?
Client Configuration and Registration: Background configuration updater — Applies supported Git settings asynchronously to registered repositories after installation.",,,,
P152,2,"Repository Serving Architecture: Stateless repository-serving cluster — Treats local repository copies as replaceable warm caches and avoids authoritative server-local repository state.
Repository Replication Mechanism: Packfile-level replication — Replicates Git data as packfiles while leaving Git operations standard on each repository replica.",,,,
P153,2,"Authority Synchronization: One-object-store-write-per-push ingestion — Each push is ingested with a separate object-store write.
Replica Update Scheduling: Coalesced bookkeeping reference updates — Combining non-time-critical bookkeeping reference updates into fewer transactions.",,,,
P154,3,"Authority Synchronization: Push acknowledgment after WAL persistence — Acknowledges pushes only after their complete operation is durable in the authoritative log.
Repository Storage Representation: Distributed hash-table packfile storage — Normal on-disk packfiles are replaced by a distributed hash table.
Replica Write Commitment Policy: Insufficient-replication write refusal — Writes are refused when the minimum number of durable copies cannot be created.",,,,
P155,3,"Authority Synchronization: ETag-conditional read verification — Replicas use conditional object-storage reads to verify WAL-index freshness before serving fetches or clones.
Replica Write Commitment Policy: Consistency and partition-tolerance priority — Replication preserves consistency and partition tolerance even when unrestricted availability is sacrificed.
Repository Placement Strategy: Repository-ID and healthy-node routing — Uses only the repository ID and current healthy-node set, tolerating stale routing because repositories can be rematerialized.",,,,
P156,2,"Replica Commit Coordination: Majority-based write commitment — Committing writes after a replica majority, with at least two replicas producing the same state.
Client Configuration and Registration: Automatic enlistment registration during cloning — Registers newly cloned repositories automatically for recommended configuration and maintenance.",,,,
P157,3,"Replica Failure Recovery: N-to-N replica reconstruction — Replacement replicas can be created anywhere from either surviving repository copy.
Maintenance Transition Strategy: Rack-scoped availability-zone maintenance — Reboots one rack at a time and bounds simultaneous reboots within that rack.
Replica Topology and Factor: Distant replica placement — Placing replicas across geographically separated locations despite inter-replica latency.",,,,
P158,3,"Replica Commit Coordination: Consensus-based repository replication — Uses consensus coordination to keep multiple repository copies consistent during pushes.
Replica Write Commitment Policy: Consistency and partition-tolerance priority — Replication preserves consistency and partition tolerance even when unrestricted availability is sacrificed.
Client Configuration and Registration: Spokes checksum — Summarizes reference names, values, and replica state to compare logical contents across replicas.",,,,
P159,2,"Repository Serving Architecture: Dedicated repository fileservers — Storing repositories on dedicated fileservers rather than a shared distributed filesystem.
Client Repository Fetching: Separate fetch-objects endpoint — Downloading pack files through a separate endpoint while central services control branch updates.",,,,
P160,3,"Version-Control Operating Model: Distributed version-control model — Retains decentralized repositories and offline change exchange as the underlying version-control model.
Repository Storage Representation: Normal on-disk Git repository operations — Runs standard Git operations against ordinary on-disk repositories using upstream-compatible tooling.
Client Scaling Integration: Core Git performance capabilities — Moves repository management and performance features into the core Git client.",,,,
P161,3,"Authority Synchronization: Deferred obsolete-pack deletion — When are obsolete pack files deleted relative to pack creation and reference updates?
Repository Serving Architecture: Stateless repository-serving cluster — Treats local repository copies as replaceable warm caches and avoids authoritative server-local repository state.
Client Index Representation: Single-file Git index storage — Maintaining tracked paths in one index file read and written by core commands.",,,,
P162,3,"Repository Replication Mechanism: Orchestrated packfile fan-out — Distributes pushed packfiles to every repository instance before references are published.
Repository Storage Representation: Single on-disk HTTP repository — An HTTP daemon serves one local on-disk repository.
Client Filesystem and Status Monitoring: Watchman filesystem watching — Using the general-purpose Watchman watcher for client filesystem change detection.",,,,
P163,3,"Repository Replication Mechanism: Fully consistent replica synchronization — Keeps replicated Git data synchronized so clients and CI can immediately read newly pushed commits.
Replica Update Scheduling: Priority scheduling for user-initiated updates — Prioritizing user reference updates over bookkeeping updates during cascades.
Client Maintenance Scheduling: Background split commit-graph maintenance — Updates reachable commit graphs incrementally in the background to preserve large-repository performance.",,,,
P164,2,"Repository Storage Representation: DAG-dependent object traversal — Repository access follows dependent commit, tree, and file references sequentially.
Packfile Lifecycle Management: Primary-only compaction — Only the primary replica performs repository compaction, while replicas consume the recorded result.",,,,
P165,2,"Replica Commit Coordination: Three-phase commit — Coordinates replica capability checks, tentative commit, and rollback for deterministic reference-update transactions.
Client Configuration and Registration: Automatic enlistment registration during cloning — Registers newly cloned repositories automatically for recommended configuration and maintenance.",,,,
P166,2,"Authority Synchronization: S3 compare-and-swap synchronization — Uses atomic S3 compare-and-swap operations to serialize concurrent write-ahead-log updates.
Repository Replication Mechanism: Packfile-level replication — Replicates Git data as packfiles while leaving Git operations standard on each repository replica.",,,,
P167,2,"Replica Failure Recovery: Per-application-server failure isolation — How are failure classifications isolated when one application server has a local connectivity or DNS fault?
Replica Commit Coordination: Per-write voting protocol — Each write independently determines its winning order and commitment outcome.",,,,
P168,2,"Repository Serving Architecture: GVFS without cache server — Uses GVFS protocol without a dedicated cache server for repositories small enough not to require one.
Client Clone Materialization: Partial-clone object materialization — Fetching missing repository objects on demand instead of storing every reachable object locally.",,,,
P169,3,"Client Repository Fetching: Hidden remote-reference namespace — Stores background-fetched references under a separate namespace without changing ordinary local or remote-tracking refs.
Client Maintenance Strategy: Incremental repository maintenance — Expensive repository upkeep is performed incrementally to limit machine-resource spikes.
Client Configuration and Registration: Background configuration updater — Applies supported Git settings asynchronously to registered repositories after installation.",,,,
P170,3,"Client Clone Materialization: GVFS-protocol cloning — Cloning through the GVFS hosting protocol for large repositories.
Repository Storage Representation: Distributed hash-table packfile storage — Normal on-disk packfiles are replaced by a distributed hash table.
Client Repository Fetching: Background repository fetching — Fetches objects periodically outside foreground commands to reduce perceived user waiting.",,,,
P171,2,"Repository Serving Architecture: Warm-cache materialization — Recreates absent local repositories from the S3 write-ahead log when routing directs work to another node.
Client Scaling Integration: Incremental infrastructure evolution — Version-control infrastructure continues evolving as workload and platform conditions change.",,,,
P172,3,"Repository Storage Representation: Distributed key-value object storage — Git objects are mapped directly onto a distributed key-value store.
Replica Checksum Strategy: Spokes checksum — Summarizes reference names, values, and replica state to compare logical contents across replicas.
Maintenance Transition Strategy: Bounded parallel server reboots — Limits concurrent reboots after quiescence to control maintenance disruption.",,,,
P173,2,"Repository Storage Representation: Packfile-based repository storage — Repository code and metadata are stored in compressed filesystem packfiles.
Client Repository Fetching: Background repository fetching — Fetches objects periodically outside foreground commands to reduce perceived user waiting.",,,,
P174,2,"Replica Failure Recovery: Pet-style repository operations — Are repositories managed as individually irreplaceable assets or interchangeable instances?
Client Maintenance Scheduling: Background split commit-graph maintenance — Updates reachable commit graphs incrementally in the background to preserve large-repository performance.",,,,
P175,2,"Authority Synchronization: S3-backed write-ahead log — Persisting authoritative repository updates through a write-ahead log in S3.
Client Maintenance Scheduling: Background split commit-graph maintenance — Updates reachable commit graphs incrementally in the background to preserve large-repository performance.",,,,
P176,2,"Authority Synchronization: One-object-store-write-per-push ingestion — Each push is ingested with a separate object-store write.
Repository Storage Representation: Distributed key-value object storage — Git objects are mapped directly onto a distributed key-value store.",,,,
P177,2,"Repository Storage Representation: Distributed hash-table packfile storage — Normal on-disk packfiles are replaced by a distributed hash table.
Client Repository Fetching: Separate fetch-objects endpoint — Downloading pack files through a separate endpoint while central services control branch updates.",,,,
P178,2,"Authority Synchronization: S3 compare-and-swap synchronization — Uses atomic S3 compare-and-swap operations to serialize concurrent write-ahead-log updates.
Repository Storage Representation: Size-minimizing packfile layout — Organizing packed objects primarily to minimize storage size, accepting physical indirection and random reads.",,,,
P179,2,"Version-Control Operating Model: Distributed version-control model — Retains decentralized repositories and offline change exchange as the underlying version-control model.
Repository Replication Mechanism: Packfile-level replication — Replicates Git data as packfiles while leaving Git operations standard on each repository replica.",,,,
P180,3,"Maintenance Transition Strategy: Rolling reboot testing — Tests failures through planned rack-scoped rolling reboots rather than random interruption.
Client Scaling Integration: Low-friction platform migration — Adoption of improved repository infrastructure minimizes migration disruption.
Replica Topology and Factor: Block-level filesystem replication — Replicating repository storage at filesystem or block level.",,,,
