value_id,dimension_id,label,dim_10_Authority_Synchronization,dim_11_Repository_Serving_Architecture,dim_12_Client_Clone_Materialization,dim_14_Replica_Failure_Recovery,dim_15_Version-Control_Operating_Model,dim_17_Repository_Replication_Mechanism,dim_18_Replica_Update_Scheduling,dim_20_Repository_Storage_Representation,dim_21_Packfile_Lifecycle_Management,dim_22_Client_Repository_Fetching,dim_25_Replica_Commit_Coordination,dim_26_Replica_Write_Commitment_Policy,dim_27_Client_Maintenance_Scheduling,dim_28_Client_Maintenance_Strategy,dim_29_Client_Garbage-Collection_Policy,dim_3_Replica_Checksum_Strategy,dim_30_Client_Index_Representation,dim_31_Client_Filesystem_and_Status_Monitoring,dim_32_Client_Configuration_and_Registration,dim_5_Repository_Placement_Strategy,dim_6_Maintenance_Transition_Strategy,dim_8_Client_Scaling_Integration,dim_9_Replica_Topology_and_Factor
25.1,25,Three-phase commit,0.0,0.0,0.0,0.0,0.0,0.0,0.0,0.0,0.0,0.0,0.2309252650439333,0.0,0.0,0.0,0.0,0.0,0.0,0.0,0.0,0.0,0.0,0.0,0.0
25.2,25,Majority-based write commitment,0.0,0.0,0.0,0.0,0.0,0.0,0.0,0.0,0.0,0.0,0.10131711328981233,0.0,0.0,0.0,0.0,0.0,0.0,0.0,0.0,0.0,0.0,0.0,0.0
25.3,25,Consensus-based repository replication,0.0,0.0,0.0,0.0,0.0,0.0,0.0,0.0,0.0,0.0,-0.8168652207783293,0.0,0.0,0.0,0.0,0.0,0.0,0.0,0.0,0.0,0.0,0.0,0.0
25.4,25,Git reference transaction locking,0.0,0.0,0.0,0.0,0.0,0.0,0.0,0.0,0.0,0.0,0.330120928091238,0.0,0.0,0.0,0.0,0.0,0.0,0.0,0.0,0.0,0.0,0.0,0.0
25.5,25,Global push linearization,0.0,0.0,0.0,0.0,0.0,0.0,0.0,0.0,0.0,0.0,-1.0,0.0,0.0,0.0,0.0,0.0,0.0,0.0,0.0,0.0,0.0,0.0,0.0
25.6,25,Per-write voting protocol,0.0,0.0,0.0,0.0,0.0,0.0,0.0,0.0,0.0,0.0,0.49241302466566766,0.0,0.0,0.0,0.0,0.0,0.0,0.0,0.0,0.0,0.0,0.0,0.0
25.7,25,Overlapped coordinator work during network waits,0.0,0.0,0.0,0.0,0.0,0.0,0.0,0.0,0.0,0.0,0.6620888896876754,0.0,0.0,0.0,0.0,0.0,0.0,0.0,0.0,0.0,0.0,0.0,0.0
26.1,26,Reduced update-cascade request delay,0.0,0.0,0.0,0.0,0.0,0.0,0.0,0.0,0.0,0.0,0.0,-0.7057410281958556,0.0,0.0,0.0,0.0,0.0,0.0,0.0,0.0,0.0,0.0,0.0
26.2,26,High-latency reference-update constraint,0.0,0.0,0.0,0.0,0.0,0.0,0.0,0.0,0.0,0.0,0.0,-0.5833177005067317,0.0,0.0,0.0,0.0,0.0,0.0,0.0,0.0,0.0,0.0,0.0
26.3,26,Internal reference-update amplification,0.0,0.0,0.0,0.0,0.0,0.0,0.0,0.0,0.0,0.0,0.0,-1.0,0.0,0.0,0.0,0.0,0.0,0.0,0.0,0.0,0.0,0.0,0.0
26.4,26,Reference-update latency budget,0.0,0.0,0.0,0.0,0.0,0.0,0.0,0.0,0.0,0.0,0.0,-0.7318588302891887,0.0,0.0,0.0,0.0,0.0,0.0,0.0,0.0,0.0,0.0,0.0
26.5,26,Availability-durability separation,0.0,0.0,0.0,0.0,0.0,0.0,0.0,0.0,0.0,0.0,0.0,0.7787841098088812,0.0,0.0,0.0,0.0,0.0,0.0,0.0,0.0,0.0,0.0,0.0
26.6,26,Slowest-replica latency bound,0.0,0.0,0.0,0.0,0.0,0.0,0.0,0.0,0.0,0.0,0.0,-0.012874173970720675,0.0,0.0,0.0,0.0,0.0,0.0,0.0,0.0,0.0,0.0,0.0
26.7,26,Minority-write rollback,0.0,0.0,0.0,0.0,0.0,0.0,0.0,0.0,0.0,0.0,0.0,0.24844526815179674,0.0,0.0,0.0,0.0,0.0,0.0,0.0,0.0,0.0,0.0,0.0
26.8,26,Consistency and partition-tolerance priority,0.0,0.0,0.0,0.0,0.0,0.0,0.0,0.0,0.0,0.0,0.0,0.5961110632420651,0.0,0.0,0.0,0.0,0.0,0.0,0.0,0.0,0.0,0.0,0.0
26.9,26,Insufficient-replication write refusal,0.0,0.0,0.0,0.0,0.0,0.0,0.0,0.0,0.0,0.0,0.0,0.5656870196319528,0.0,0.0,0.0,0.0,0.0,0.0,0.0,0.0,0.0,0.0,0.0
26.10,26,Durability-before-write-availability policy,0.0,0.0,0.0,0.0,0.0,0.0,0.0,0.0,0.0,0.0,0.0,0.8447642721278011,0.0,0.0,0.0,0.0,0.0,0.0,0.0,0.0,0.0,0.0,0.0
17.1,17,Application-level repository replication,0.0,0.0,0.0,0.0,0.0,0.23618444430401647,0.0,0.0,0.0,0.0,0.0,0.0,0.0,0.0,0.0,0.0,0.0,0.0,0.0,0.0,0.0,0.0,0.0
17.2,17,Git-and-rsync replication mechanisms,0.0,0.0,0.0,0.0,0.0,0.21059441723807915,0.0,0.0,0.0,0.0,0.0,0.0,0.0,0.0,0.0,0.0,0.0,0.0,0.0,0.0,0.0,0.0,0.0
17.3,17,Orchestrated packfile fan-out,0.0,0.0,0.0,0.0,0.0,-1.0,0.0,0.0,0.0,0.0,0.0,0.0,0.0,0.0,0.0,0.0,0.0,0.0,0.0,0.0,0.0,0.0,0.0
17.4,17,Unsynchronized packfile distribution,0.0,0.0,0.0,0.0,0.0,-0.9162651645230493,0.0,0.0,0.0,0.0,0.0,0.0,0.0,0.0,0.0,0.0,0.0,0.0,0.0,0.0,0.0,0.0,0.0
17.5,17,Packfile-level replication,0.0,0.0,0.0,0.0,0.0,-0.585480563338381,0.0,0.0,0.0,0.0,0.0,0.0,0.0,0.0,0.0,0.0,0.0,0.0,0.0,0.0,0.0,0.0,0.0
17.6,17,Fully consistent replica synchronization,0.0,0.0,0.0,0.0,0.0,0.30053487233607445,0.0,0.0,0.0,0.0,0.0,0.0,0.0,0.0,0.0,0.0,0.0,0.0,0.0,0.0,0.0,0.0,0.0
17.7,17,Optimistic UDP gossip replication,0.0,0.0,0.0,0.0,0.0,0.3921945527520394,0.0,0.0,0.0,0.0,0.0,0.0,0.0,0.0,0.0,0.0,0.0,0.0,0.0,0.0,0.0,0.0,0.0
17.8,17,Direct S3 replica catch-up,0.0,0.0,0.0,0.0,0.0,0.5977232178048377,0.0,0.0,0.0,0.0,0.0,0.0,0.0,0.0,0.0,0.0,0.0,0.0,0.0,0.0,0.0,0.0,0.0
17.9,17,Idle-replica removal and rematerialization,0.0,0.0,0.0,0.0,0.0,0.597110012811221,0.0,0.0,0.0,0.0,0.0,0.0,0.0,0.0,0.0,0.0,0.0,0.0,0.0,0.0,0.0,0.0,0.0
17.10,17,S3 distribution of compacted packs,0.0,0.0,0.0,0.0,0.0,-0.5471097848690394,0.0,0.0,0.0,0.0,0.0,0.0,0.0,0.0,0.0,0.0,0.0,0.0,0.0,0.0,0.0,0.0,0.0
17.11,17,Repository-consistency complexity cost,0.0,0.0,0.0,0.0,0.0,0.4720213227534681,0.0,0.0,0.0,0.0,0.0,0.0,0.0,0.0,0.0,0.0,0.0,0.0,0.0,0.0,0.0,0.0,0.0
17.12,17,Linear read scaling across replicas,0.0,0.0,0.0,0.0,0.0,0.242492672730732,0.0,0.0,0.0,0.0,0.0,0.0,0.0,0.0,0.0,0.0,0.0,0.0,0.0,0.0,0.0,0.0,0.0
18.1,18,Coalesced bookkeeping reference updates,0.0,0.0,0.0,0.0,0.0,0.0,-1.0,0.0,0.0,0.0,0.0,0.0,0.0,0.0,0.0,0.0,0.0,0.0,0.0,0.0,0.0,0.0,0.0
18.2,18,Priority scheduling for user-initiated updates,0.0,0.0,0.0,0.0,0.0,0.0,1.0,0.0,0.0,0.0,0.0,0.0,0.0,0.0,0.0,0.0,0.0,0.0,0.0,0.0,0.0,0.0,0.0
3.1,3,Spokes checksum,0.0,0.0,0.0,0.0,0.0,0.0,0.0,0.0,0.0,0.0,0.0,0.0,0.0,0.0,0.0,-0.8263981514754946,0.0,0.0,0.0,0.0,0.0,0.0,0.0
3.2,3,Incremental XOR checksum maintenance,0.0,0.0,0.0,0.0,0.0,0.0,0.0,0.0,0.0,0.0,0.0,0.0,0.0,0.0,0.0,-0.13318648587420623,0.0,0.0,0.0,0.0,0.0,0.0,0.0
3.3,3,Full checksum recomputation,0.0,0.0,0.0,0.0,0.0,0.0,0.0,0.0,0.0,0.0,0.0,0.0,0.0,0.0,0.0,-0.04041536265029946,0.0,0.0,0.0,0.0,0.0,0.0,0.0
3.4,3,Reference-update throughput constraint,0.0,0.0,0.0,0.0,0.0,0.0,0.0,0.0,0.0,0.0,0.0,0.0,0.0,0.0,0.0,1.0,0.0,0.0,0.0,0.0,0.0,0.0,0.0
5.1,5,Rendezvous-hashed repository placement,0.0,0.0,0.0,0.0,0.0,0.0,0.0,0.0,0.0,0.0,0.0,0.0,0.0,0.0,0.0,0.0,0.0,0.0,0.0,0.47094294682072946,0.0,0.0,0.0
5.2,5,Repository-ID and healthy-node routing,0.0,0.0,0.0,0.0,0.0,0.0,0.0,0.0,0.0,0.0,0.0,0.0,0.0,0.0,0.0,0.0,0.0,0.0,0.0,-0.18282985619328235,0.0,0.0,0.0
5.3,5,Rendezvous-ranked preferred primary,0.0,0.0,0.0,0.0,0.0,0.0,0.0,0.0,0.0,0.0,0.0,0.0,0.0,0.0,0.0,0.0,0.0,0.0,0.0,1.0,0.0,0.0,0.0
5.4,5,Any-replica read routing,0.0,0.0,0.0,0.0,0.0,0.0,0.0,0.0,0.0,0.0,0.0,0.0,0.0,0.0,0.0,0.0,0.0,0.0,0.0,-0.6487294292366579,0.0,0.0,0.0
5.5,5,Routing-database availability dependency,0.0,0.0,0.0,0.0,0.0,0.0,0.0,0.0,0.0,0.0,0.0,0.0,0.0,0.0,0.0,0.0,0.0,0.0,0.0,-0.6393836613907892,0.0,0.0,0.0
6.1,6,Direct reboot or unplugging,0.0,0.0,0.0,0.0,0.0,0.0,0.0,0.0,0.0,0.0,0.0,0.0,0.0,0.0,0.0,0.0,0.0,0.0,0.0,0.0,-0.15784685435304238,0.0,0.0
6.2,6,Quiescing period,0.0,0.0,0.0,0.0,0.0,0.0,0.0,0.0,0.0,0.0,0.0,0.0,0.0,0.0,0.0,0.0,0.0,0.0,0.0,0.0,0.10424035651692591,0.0,0.0
6.3,6,Continued write delivery during quiescence,0.0,0.0,0.0,0.0,0.0,0.0,0.0,0.0,0.0,0.0,0.0,0.0,0.0,0.0,0.0,0.0,0.0,0.0,0.0,0.0,0.9249969631724443,0.0,0.0
6.4,6,Rolling reboot testing,0.0,0.0,0.0,0.0,0.0,0.0,0.0,0.0,0.0,0.0,0.0,0.0,0.0,0.0,0.0,0.0,0.0,0.0,0.0,0.0,-0.9139495079522593,0.0,0.0
6.5,6,Rack-scoped availability-zone maintenance,0.0,0.0,0.0,0.0,0.0,0.0,0.0,0.0,0.0,0.0,0.0,0.0,0.0,0.0,0.0,0.0,0.0,0.0,0.0,0.0,-0.93788979803311,0.0,0.0
6.6,6,Bounded parallel server reboots,0.0,0.0,0.0,0.0,0.0,0.0,0.0,0.0,0.0,0.0,0.0,0.0,0.0,0.0,0.0,0.0,0.0,0.0,0.0,0.0,-0.5440069433372017,0.0,0.0
6.7,6,Long and variable quiescence duration,0.0,0.0,0.0,0.0,0.0,0.0,0.0,0.0,0.0,0.0,0.0,0.0,0.0,0.0,0.0,0.0,0.0,0.0,0.0,0.0,0.5244557839862456,0.0,0.0
6.8,6,Increased same-day write-rejection risk,0.0,0.0,0.0,0.0,0.0,0.0,0.0,0.0,0.0,0.0,0.0,0.0,0.0,0.0,0.0,0.0,0.0,0.0,0.0,0.0,1.0,0.0,0.0
22.1,22,Background repository fetching,0.0,0.0,0.0,0.0,0.0,0.0,0.0,0.0,0.0,0.07986552628438719,0.0,0.0,0.0,0.0,0.0,0.0,0.0,0.0,0.0,0.0,0.0,0.0,0.0
22.2,22,Hidden remote-reference namespace,0.0,0.0,0.0,0.0,0.0,0.0,0.0,0.0,0.0,-1.0,0.0,0.0,0.0,0.0,0.0,0.0,0.0,0.0,0.0,0.0,0.0,0.0,0.0
22.3,22,Separate fetch-objects endpoint,0.0,0.0,0.0,0.0,0.0,0.0,0.0,0.0,0.0,0.9201344737156126,0.0,0.0,0.0,0.0,0.0,0.0,0.0,0.0,0.0,0.0,0.0,0.0,0.0
27.1,27,Background split commit-graph maintenance,0.0,0.0,0.0,0.0,0.0,0.0,0.0,0.0,0.0,0.0,0.0,0.0,0.17152749437033715,0.0,0.0,0.0,0.0,0.0,0.0,0.0,0.0,0.0,0.0
27.2,27,Background Git maintenance,0.0,0.0,0.0,0.0,0.0,0.0,0.0,0.0,0.0,0.0,0.0,0.0,-0.42995570419533063,0.0,0.0,0.0,0.0,0.0,0.0,0.0,0.0,0.0,0.0
27.3,27,Single-command maintenance execution,0.0,0.0,0.0,0.0,0.0,0.0,0.0,0.0,0.0,0.0,0.0,0.0,-0.8895079849528823,0.0,0.0,0.0,0.0,0.0,0.0,0.0,0.0,0.0,0.0
27.4,27,Foreground maintenance execution,0.0,0.0,0.0,0.0,0.0,0.0,0.0,0.0,0.0,0.0,0.0,0.0,-0.6081416315661817,0.0,0.0,0.0,0.0,0.0,0.0,0.0,0.0,0.0,0.0
27.5,27,Foreground fetch overhead,0.0,0.0,0.0,0.0,0.0,0.0,0.0,0.0,0.0,0.0,0.0,0.0,1.0,0.0,0.0,0.0,0.0,0.0,0.0,0.0,0.0,0.0,0.0
27.6,27,Reduced foreground command waiting,0.0,0.0,0.0,0.0,0.0,0.0,0.0,0.0,0.0,0.0,0.0,0.0,0.756077826344057,0.0,0.0,0.0,0.0,0.0,0.0,0.0,0.0,0.0,0.0
28.1,28,Incremental repository maintenance,0.0,0.0,0.0,0.0,0.0,0.0,0.0,0.0,0.0,0.0,0.0,0.0,0.0,0.6081593919745985,0.0,0.0,0.0,0.0,0.0,0.0,0.0,0.0,0.0
28.2,28,Complete object-data rewrites,0.0,0.0,0.0,0.0,0.0,0.0,0.0,0.0,0.0,0.0,0.0,0.0,0.0,-1.0,0.0,0.0,0.0,0.0,0.0,0.0,0.0,0.0,0.0
28.3,28,Repository performance decay,0.0,0.0,0.0,0.0,0.0,0.0,0.0,0.0,0.0,0.0,0.0,0.0,0.0,0.3918406080254013,0.0,0.0,0.0,0.0,0.0,0.0,0.0,0.0,0.0
29.1,29,Disabled automatic garbage collection,0.0,0.0,0.0,0.0,0.0,0.0,0.0,0.0,0.0,0.0,0.0,0.0,0.0,0.0,-1.0,0.0,0.0,0.0,0.0,0.0,0.0,0.0,0.0
29.2,29,Maintenance resource exhaustion,0.0,0.0,0.0,0.0,0.0,0.0,0.0,0.0,0.0,0.0,0.0,0.0,0.0,0.0,1.0,0.0,0.0,0.0,0.0,0.0,0.0,0.0,0.0
30.1,30,Updated Git index format,0.0,0.0,0.0,0.0,0.0,0.0,0.0,0.0,0.0,0.0,0.0,0.0,0.0,0.0,0.0,0.0,0.5756965518754101,0.0,0.0,0.0,0.0,0.0,0.0
30.2,30,Untracked cache,0.0,0.0,0.0,0.0,0.0,0.0,0.0,0.0,0.0,0.0,0.0,0.0,0.0,0.0,0.0,0.0,-1.0,0.0,0.0,0.0,0.0,0.0,0.0
30.3,30,Single-file Git index storage,0.0,0.0,0.0,0.0,0.0,0.0,0.0,0.0,0.0,0.0,0.0,0.0,0.0,0.0,0.0,0.0,0.020765963646775732,0.0,0.0,0.0,0.0,0.0,0.0
30.4,30,Index-file size reduction,0.0,0.0,0.0,0.0,0.0,0.0,0.0,0.0,0.0,0.0,0.0,0.0,0.0,0.0,0.0,0.0,0.40353748447781496,0.0,0.0,0.0,0.0,0.0,0.0
31.1,31,Git-aware filesystem watcher,0.0,0.0,0.0,0.0,0.0,0.0,0.0,0.0,0.0,0.0,0.0,0.0,0.0,0.0,0.0,0.0,0.0,0.5290170250921504,0.0,0.0,0.0,0.0,0.0
31.2,31,Watchman filesystem watching,0.0,0.0,0.0,0.0,0.0,0.0,0.0,0.0,0.0,0.0,0.0,0.0,0.0,0.0,0.0,0.0,0.0,0.6665829774183624,0.0,0.0,0.0,0.0,0.0
31.3,31,Performance bottleneck tracing,0.0,0.0,0.0,0.0,0.0,0.0,0.0,0.0,0.0,0.0,0.0,0.0,0.0,0.0,0.0,0.0,0.0,-0.173524324972702,0.0,0.0,0.0,0.0,0.0
31.4,31,Disabled ahead-behind status calculation,0.0,0.0,0.0,0.0,0.0,0.0,0.0,0.0,0.0,0.0,0.0,0.0,0.0,0.0,0.0,0.0,0.0,-1.0,0.0,0.0,0.0,0.0,0.0
31.5,31,Selective modified-path inspection,0.0,0.0,0.0,0.0,0.0,0.0,0.0,0.0,0.0,0.0,0.0,0.0,0.0,0.0,0.0,0.0,0.0,0.0071890597097258495,0.0,0.0,0.0,0.0,0.0
31.6,31,Working-directory scan latency,0.0,0.0,0.0,0.0,0.0,0.0,0.0,0.0,0.0,0.0,0.0,0.0,0.0,0.0,0.0,0.0,0.0,-0.02926473724753661,0.0,0.0,0.0,0.0,0.0
32.1,32,Background configuration updater,0.0,0.0,0.0,0.0,0.0,0.0,0.0,0.0,0.0,0.0,0.0,0.0,0.0,0.0,0.0,0.0,0.0,0.0,-1.0,0.0,0.0,0.0,0.0
32.2,32,Automatic enlistment registration during cloning,0.0,0.0,0.0,0.0,0.0,0.0,0.0,0.0,0.0,0.0,0.0,0.0,0.0,0.0,0.0,0.0,0.0,0.0,1.0,0.0,0.0,0.0,0.0
8.1,8,Custom Git build dependency,0.0,0.0,0.0,0.0,0.0,0.0,0.0,0.0,0.0,0.0,0.0,0.0,0.0,0.0,0.0,0.0,0.0,0.0,0.0,0.0,0.0,-0.47007183080927906,0.0
8.2,8,Scalar performance layer,0.0,0.0,0.0,0.0,0.0,0.0,0.0,0.0,0.0,0.0,0.0,0.0,0.0,0.0,0.0,0.0,0.0,0.0,0.0,0.0,0.0,-0.3132242896880415,0.0
8.3,8,Core Git performance capabilities,0.0,0.0,0.0,0.0,0.0,0.0,0.0,0.0,0.0,0.0,0.0,0.0,0.0,0.0,0.0,0.0,0.0,0.0,0.0,0.0,0.0,-0.3098783569659649,0.0
8.4,8,Additional Git management layers,0.0,0.0,0.0,0.0,0.0,0.0,0.0,0.0,0.0,0.0,0.0,0.0,0.0,0.0,0.0,0.0,0.0,0.0,0.0,0.0,0.0,-0.45509089075812054,0.0
8.5,8,Scalar-to-core-Git transition,0.0,0.0,0.0,0.0,0.0,0.0,0.0,0.0,0.0,0.0,0.0,0.0,0.0,0.0,0.0,0.0,0.0,0.0,0.0,0.0,0.0,-0.5659530024195834,0.0
8.6,8,Scalar configuration tuning,0.0,0.0,0.0,0.0,0.0,0.0,0.0,0.0,0.0,0.0,0.0,0.0,0.0,0.0,0.0,0.0,0.0,0.0,0.0,0.0,0.0,-0.4668861152724654,0.0
8.7,8,GVFS Protocol in standard Git,0.0,0.0,0.0,0.0,0.0,0.0,0.0,0.0,0.0,0.0,0.0,0.0,0.0,0.0,0.0,0.0,0.0,0.0,0.0,0.0,0.0,-0.6672223615638491,0.0
8.8,8,Reliability-performance-scale platform objectives,0.0,0.0,0.0,0.0,0.0,0.0,0.0,0.0,0.0,0.0,0.0,0.0,0.0,0.0,0.0,0.0,0.0,0.0,0.0,0.0,0.0,-0.07531001868581214,0.0
8.9,8,Low-friction platform migration,0.0,0.0,0.0,0.0,0.0,0.0,0.0,0.0,0.0,0.0,0.0,0.0,0.0,0.0,0.0,0.0,0.0,0.0,0.0,0.0,0.0,0.802102823071113,0.0
8.10,8,Incremental infrastructure evolution,0.0,0.0,0.0,0.0,0.0,0.0,0.0,0.0,0.0,0.0,0.0,0.0,0.0,0.0,0.0,0.0,0.0,0.0,0.0,0.0,0.0,0.6638058820045021,0.0
8.11,8,Agent-driven workload growth,0.0,0.0,0.0,0.0,0.0,0.0,0.0,0.0,0.0,0.0,0.0,0.0,0.0,0.0,0.0,0.0,0.0,0.0,0.0,0.0,0.0,0.8577281610874998,0.0
8.12,8,Repository availability productivity impact,0.0,0.0,0.0,0.0,0.0,0.0,0.0,0.0,0.0,0.0,0.0,0.0,0.0,0.0,0.0,0.0,0.0,0.0,0.0,0.0,0.0,1.0,0.0
9.1,9,Rack-level replica anti-colocation,0.0,0.0,0.0,0.0,0.0,0.0,0.0,0.0,0.0,0.0,0.0,0.0,0.0,0.0,0.0,0.0,0.0,0.0,0.0,0.0,0.0,0.0,0.20186699326445742
9.2,9,Distant replica placement,0.0,0.0,0.0,0.0,0.0,0.0,0.0,0.0,0.0,0.0,0.0,0.0,0.0,0.0,0.0,0.0,0.0,0.0,0.0,0.0,0.0,0.0,0.9768667063730437
9.3,9,Colocated filesystem replicas,0.0,0.0,0.0,0.0,0.0,0.0,0.0,0.0,0.0,0.0,0.0,0.0,0.0,0.0,0.0,0.0,0.0,0.0,0.0,0.0,0.0,0.0,0.6448368792622504
9.4,9,Block-level filesystem replication,0.0,0.0,0.0,0.0,0.0,0.0,0.0,0.0,0.0,0.0,0.0,0.0,0.0,0.0,0.0,0.0,0.0,0.0,0.0,0.0,0.0,0.0,-0.2652423864976493
9.5,9,Three replicas per repository,0.0,0.0,0.0,0.0,0.0,0.0,0.0,0.0,0.0,0.0,0.0,0.0,0.0,0.0,0.0,0.0,0.0,0.0,0.0,0.0,0.0,0.0,-0.5136015585095081
9.6,9,Non-voting geo-replication replicas,0.0,0.0,0.0,0.0,0.0,0.0,0.0,0.0,0.0,0.0,0.0,0.0,0.0,0.0,0.0,0.0,0.0,0.0,0.0,0.0,0.0,0.0,0.8389786658846456
9.7,9,Elastic per-repository replica allocation,0.0,0.0,0.0,0.0,0.0,0.0,0.0,0.0,0.0,0.0,0.0,0.0,0.0,0.0,0.0,0.0,0.0,0.0,0.0,0.0,0.0,0.0,-0.5440523771563565
9.8,9,Geographically localized replica reads,0.0,0.0,0.0,0.0,0.0,0.0,0.0,0.0,0.0,0.0,0.0,0.0,0.0,0.0,0.0,0.0,0.0,0.0,0.0,0.0,0.0,0.0,1.0
9.9,9,Durable highly available content access,0.0,0.0,0.0,0.0,0.0,0.0,0.0,0.0,0.0,0.0,0.0,0.0,0.0,0.0,0.0,0.0,0.0,0.0,0.0,0.0,0.0,0.0,-0.6552768496021759
9.10,9,Replication floor and capacity ceiling,0.0,0.0,0.0,0.0,0.0,0.0,0.0,0.0,0.0,0.0,0.0,0.0,0.0,0.0,0.0,0.0,0.0,0.0,0.0,0.0,0.0,0.0,-0.8420798423654933
9.11,9,Two-copy repository state after sudden loss,0.0,0.0,0.0,0.0,0.0,0.0,0.0,0.0,0.0,0.0,0.0,0.0,0.0,0.0,0.0,0.0,0.0,0.0,0.0,0.0,0.0,0.0,-0.7004550332155048
9.12,9,Replica-count scaling bottleneck,0.0,0.0,0.0,0.0,0.0,0.0,0.0,0.0,0.0,0.0,0.0,0.0,0.0,0.0,0.0,0.0,0.0,0.0,0.0,0.0,0.0,0.0,-0.14184119743770734
10.1,10,S3-backed write-ahead log,-0.09980581051816917,0.0,0.0,0.0,0.0,0.0,0.0,0.0,0.0,0.0,0.0,0.0,0.0,0.0,0.0,0.0,0.0,0.0,0.0,0.0,0.0,0.0,0.0
10.2,10,S3 compare-and-swap synchronization,-0.34415355787584073,0.0,0.0,0.0,0.0,0.0,0.0,0.0,0.0,0.0,0.0,0.0,0.0,0.0,0.0,0.0,0.0,0.0,0.0,0.0,0.0,0.0,0.0
10.3,10,WAL-based repository consistency,0.409626182219604,0.0,0.0,0.0,0.0,0.0,0.0,0.0,0.0,0.0,0.0,0.0,0.0,0.0,0.0,0.0,0.0,0.0,0.0,0.0,0.0,0.0,0.0
10.4,10,Push acknowledgment after WAL persistence,-0.5814554867312286,0.0,0.0,0.0,0.0,0.0,0.0,0.0,0.0,0.0,0.0,0.0,0.0,0.0,0.0,0.0,0.0,0.0,0.0,0.0,0.0,0.0,0.0
10.5,10,Fully consistent repository views,0.9529819038930568,0.0,0.0,0.0,0.0,0.0,0.0,0.0,0.0,0.0,0.0,0.0,0.0,0.0,0.0,0.0,0.0,0.0,0.0,0.0,0.0,0.0,0.0
10.6,10,External relational database for repository references,0.8508476962226088,0.0,0.0,0.0,0.0,0.0,0.0,0.0,0.0,0.0,0.0,0.0,0.0,0.0,0.0,0.0,0.0,0.0,0.0,0.0,0.0,0.0,0.0
10.7,10,Consensus-free repository primaries,1.0,0.0,0.0,0.0,0.0,0.0,0.0,0.0,0.0,0.0,0.0,0.0,0.0,0.0,0.0,0.0,0.0,0.0,0.0,0.0,0.0,0.0,0.0
10.8,10,Repository copies as consensus source,0.8843722274239262,0.0,0.0,0.0,0.0,0.0,0.0,0.0,0.0,0.0,0.0,0.0,0.0,0.0,0.0,0.0,0.0,0.0,0.0,0.0,0.0,0.0,0.0
10.9,10,Cloud-agnostic object-storage deployment,-0.29512759813981554,0.0,0.0,0.0,0.0,0.0,0.0,0.0,0.0,0.0,0.0,0.0,0.0,0.0,0.0,0.0,0.0,0.0,0.0,0.0,0.0,0.0,0.0
10.10,10,Batched WAL uploads,-0.853230851184966,0.0,0.0,0.0,0.0,0.0,0.0,0.0,0.0,0.0,0.0,0.0,0.0,0.0,0.0,0.0,0.0,0.0,0.0,0.0,0.0,0.0,0.0
10.11,10,One-object-store-write-per-push ingestion,-0.7627578303997283,0.0,0.0,0.0,0.0,0.0,0.0,0.0,0.0,0.0,0.0,0.0,0.0,0.0,0.0,0.0,0.0,0.0,0.0,0.0,0.0,0.0,0.0
10.12,10,Single-local-repository reference synchronization,0.7663281877226036,0.0,0.0,0.0,0.0,0.0,0.0,0.0,0.0,0.0,0.0,0.0,0.0,0.0,0.0,0.0,0.0,0.0,0.0,0.0,0.0,0.0,0.0
10.13,10,Periodic WAL compaction,-0.5943800368124763,0.0,0.0,0.0,0.0,0.0,0.0,0.0,0.0,0.0,0.0,0.0,0.0,0.0,0.0,0.0,0.0,0.0,0.0,0.0,0.0,0.0,0.0
10.14,10,Compaction results recorded across storage representations,-0.24714236095731826,0.0,0.0,0.0,0.0,0.0,0.0,0.0,0.0,0.0,0.0,0.0,0.0,0.0,0.0,0.0,0.0,0.0,0.0,0.0,0.0,0.0,0.0
10.15,10,S3 Express One Zone deployment,-0.8032221360659221,0.0,0.0,0.0,0.0,0.0,0.0,0.0,0.0,0.0,0.0,0.0,0.0,0.0,0.0,0.0,0.0,0.0,0.0,0.0,0.0,0.0,0.0
10.16,10,ETag-conditional read verification,-0.2828805287963393,0.0,0.0,0.0,0.0,0.0,0.0,0.0,0.0,0.0,0.0,0.0,0.0,0.0,0.0,0.0,0.0,0.0,0.0,0.0,0.0,0.0,0.0
11.1,11,Stateless repository-serving cluster,0.0,0.119821585781776,0.0,0.0,0.0,0.0,0.0,0.0,0.0,0.0,0.0,0.0,0.0,0.0,0.0,0.0,0.0,0.0,0.0,0.0,0.0,0.0,0.0
11.2,11,RPC-based repository access,0.0,0.311018380712829,0.0,0.0,0.0,0.0,0.0,0.0,0.0,0.0,0.0,0.0,0.0,0.0,0.0,0.0,0.0,0.0,0.0,0.0,0.0,0.0,0.0
11.3,11,Dedicated repository fileservers,0.0,0.26782728601368166,0.0,0.0,0.0,0.0,0.0,0.0,0.0,0.0,0.0,0.0,0.0,0.0,0.0,0.0,0.0,0.0,0.0,0.0,0.0,0.0,0.0
11.4,11,Co-located GVFS cache server,0.0,-0.9458460198220229,0.0,0.0,0.0,0.0,0.0,0.0,0.0,0.0,0.0,0.0,0.0,0.0,0.0,0.0,0.0,0.0,0.0,0.0,0.0,0.0,0.0
11.5,11,Git protocol with Scalar registration,0.0,-1.0,0.0,0.0,0.0,0.0,0.0,0.0,0.0,0.0,0.0,0.0,0.0,0.0,0.0,0.0,0.0,0.0,0.0,0.0,0.0,0.0,0.0
11.6,11,GVFS without cache server,0.0,-0.9635393181145953,0.0,0.0,0.0,0.0,0.0,0.0,0.0,0.0,0.0,0.0,0.0,0.0,0.0,0.0,0.0,0.0,0.0,0.0,0.0,0.0,0.0
11.7,11,Horizontal application-server replication,0.0,0.6762726399647185,0.0,0.0,0.0,0.0,0.0,0.0,0.0,0.0,0.0,0.0,0.0,0.0,0.0,0.0,0.0,0.0,0.0,0.0,0.0,0.0,0.0
11.8,11,Warm-cache materialization,0.0,-0.15721438074130295,0.0,0.0,0.0,0.0,0.0,0.0,0.0,0.0,0.0,0.0,0.0,0.0,0.0,0.0,0.0,0.0,0.0,0.0,0.0,0.0,0.0
11.9,11,Single-machine repository storage,0.0,0.49378674447294546,0.0,0.0,0.0,0.0,0.0,0.0,0.0,0.0,0.0,0.0,0.0,0.0,0.0,0.0,0.0,0.0,0.0,0.0,0.0,0.0,0.0
11.10,11,Git hosting operational difficulty,0.0,0.3491526332310743,0.0,0.0,0.0,0.0,0.0,0.0,0.0,0.0,0.0,0.0,0.0,0.0,0.0,0.0,0.0,0.0,0.0,0.0,0.0,0.0,0.0
11.11,11,Read-dominant repository workload,0.0,0.848720448500895,0.0,0.0,0.0,0.0,0.0,0.0,0.0,0.0,0.0,0.0,0.0,0.0,0.0,0.0,0.0,0.0,0.0,0.0,0.0,0.0,0.0
12.1,12,Partial-clone object materialization,0.0,0.0,-0.09752235455273232,0.0,0.0,0.0,0.0,0.0,0.0,0.0,0.0,0.0,0.0,0.0,0.0,0.0,0.0,0.0,0.0,0.0,0.0,0.0,0.0
12.2,12,Virtualized filesystem materialization,0.0,0.0,-0.18463064494330236,0.0,0.0,0.0,0.0,0.0,0.0,0.0,0.0,0.0,0.0,0.0,0.0,0.0,0.0,0.0,0.0,0.0,0.0,0.0,0.0
12.3,12,Sparse-checkout materialization,0.0,0.0,0.13241855397811828,0.0,0.0,0.0,0.0,0.0,0.0,0.0,0.0,0.0,0.0,0.0,0.0,0.0,0.0,0.0,0.0,0.0,0.0,0.0,0.0
12.4,12,GVFS-protocol cloning,0.0,0.0,-0.4515828224280519,0.0,0.0,0.0,0.0,0.0,0.0,0.0,0.0,0.0,0.0,0.0,0.0,0.0,0.0,0.0,0.0,0.0,0.0,0.0,0.0
12.5,12,Nested source working directory,0.0,0.0,-0.9234133241943776,0.0,0.0,0.0,0.0,0.0,0.0,0.0,0.0,0.0,0.0,0.0,0.0,0.0,0.0,0.0,0.0,0.0,0.0,0.0,0.0
12.6,12,Reduced Git working-directory management load,0.0,0.0,-0.701506406284087,0.0,0.0,0.0,0.0,0.0,0.0,0.0,0.0,0.0,0.0,0.0,0.0,0.0,0.0,0.0,0.0,0.0,0.0,0.0,0.0
12.7,12,Reduced object-transfer burden,0.0,0.0,0.2947703108368376,0.0,0.0,0.0,0.0,0.0,0.0,0.0,0.0,0.0,0.0,0.0,0.0,0.0,0.0,0.0,0.0,0.0,0.0,0.0,0.0
12.8,12,Populated-file data cost,0.0,0.0,0.9314666875875953,0.0,0.0,0.0,0.0,0.0,0.0,0.0,0.0,0.0,0.0,0.0,0.0,0.0,0.0,0.0,0.0,0.0,0.0,0.0,0.0
12.9,12,Populated-file modification-detection cost,0.0,0.0,1.0,0.0,0.0,0.0,0.0,0.0,0.0,0.0,0.0,0.0,0.0,0.0,0.0,0.0,0.0,0.0,0.0,0.0,0.0,0.0,0.0
20.1,20,Size-minimizing packfile layout,0.0,0.0,0.0,0.0,0.0,0.0,0.0,-0.8482174063769881,0.0,0.0,0.0,0.0,0.0,0.0,0.0,0.0,0.0,0.0,0.0,0.0,0.0,0.0,0.0
20.2,20,Whole-file local caching,0.0,0.0,0.0,0.0,0.0,0.0,0.0,0.08347852269512226,0.0,0.0,0.0,0.0,0.0,0.0,0.0,0.0,0.0,0.0,0.0,0.0,0.0,0.0,0.0
20.3,20,Distributed filesystem architecture,0.0,0.0,0.0,0.0,0.0,0.0,0.0,0.19560018209279803,0.0,0.0,0.0,0.0,0.0,0.0,0.0,0.0,0.0,0.0,0.0,0.0,0.0,0.0,0.0
20.4,20,Plain Git repositories on local NVMe,0.0,0.0,0.0,0.0,0.0,0.0,0.0,0.17401566172555136,0.0,0.0,0.0,0.0,0.0,0.0,0.0,0.0,0.0,0.0,0.0,0.0,0.0,0.0,0.0
20.5,20,Normal on-disk Git repository operations,0.0,0.0,0.0,0.0,0.0,0.0,0.0,0.5428203623358651,0.0,0.0,0.0,0.0,0.0,0.0,0.0,0.0,0.0,0.0,0.0,0.0,0.0,0.0,0.0
20.6,20,Eventually consistent repository replicas,0.0,0.0,0.0,0.0,0.0,0.0,0.0,0.6477686249896457,0.0,0.0,0.0,0.0,0.0,0.0,0.0,0.0,0.0,0.0,0.0,0.0,0.0,0.0,0.0
20.7,20,Content-addressable object storage,0.0,0.0,0.0,0.0,0.0,0.0,0.0,0.39162029231833545,0.0,0.0,0.0,0.0,0.0,0.0,0.0,0.0,0.0,0.0,0.0,0.0,0.0,0.0,0.0
20.8,20,DAG-dependent object traversal,0.0,0.0,0.0,0.0,0.0,0.0,0.0,0.6403065434450261,0.0,0.0,0.0,0.0,0.0,0.0,0.0,0.0,0.0,0.0,0.0,0.0,0.0,0.0,0.0
20.9,20,Distributed key-value object storage,0.0,0.0,0.0,0.0,0.0,0.0,0.0,0.4272387007553517,0.0,0.0,0.0,0.0,0.0,0.0,0.0,0.0,0.0,0.0,0.0,0.0,0.0,0.0,0.0
20.10,20,Distributed hash-table packfile storage,0.0,0.0,0.0,0.0,0.0,0.0,0.0,-0.8099576049408587,0.0,0.0,0.0,0.0,0.0,0.0,0.0,0.0,0.0,0.0,0.0,0.0,0.0,0.0,0.0
20.11,20,Packfile-based network transfer,0.0,0.0,0.0,0.0,0.0,0.0,0.0,-0.5437559338900612,0.0,0.0,0.0,0.0,0.0,0.0,0.0,0.0,0.0,0.0,0.0,0.0,0.0,0.0,0.0
20.12,20,Distributed identical repository instances,0.0,0.0,0.0,0.0,0.0,0.0,0.0,0.48710974759164144,0.0,0.0,0.0,0.0,0.0,0.0,0.0,0.0,0.0,0.0,0.0,0.0,0.0,0.0,0.0
20.13,20,Packfile-based repository storage,0.0,0.0,0.0,0.0,0.0,0.0,0.0,-0.5937850958507769,0.0,0.0,0.0,0.0,0.0,0.0,0.0,0.0,0.0,0.0,0.0,0.0,0.0,0.0,0.0
20.14,20,Single on-disk HTTP repository,0.0,0.0,0.0,0.0,0.0,0.0,0.0,0.29638583492384407,0.0,0.0,0.0,0.0,0.0,0.0,0.0,0.0,0.0,0.0,0.0,0.0,0.0,0.0,0.0
20.15,20,Server-internal non-packfile storage,0.0,0.0,0.0,0.0,0.0,0.0,0.0,-0.7423693928160041,0.0,0.0,0.0,0.0,0.0,0.0,0.0,0.0,0.0,0.0,0.0,0.0,0.0,0.0,0.0
20.16,20,Multi-machine repository placement,0.0,0.0,0.0,0.0,0.0,0.0,0.0,0.3886691400798724,0.0,0.0,0.0,0.0,0.0,0.0,0.0,0.0,0.0,0.0,0.0,0.0,0.0,0.0,0.0
20.17,20,Efficient Git cloning,0.0,0.0,0.0,0.0,0.0,0.0,0.0,0.3502951858830486,0.0,0.0,0.0,0.0,0.0,0.0,0.0,0.0,0.0,0.0,0.0,0.0,0.0,0.0,0.0
20.18,20,Network-filesystem performance and correctness problems,0.0,0.0,0.0,0.0,0.0,0.0,0.0,0.2345429529765585,0.0,0.0,0.0,0.0,0.0,0.0,0.0,0.0,0.0,0.0,0.0,0.0,0.0,0.0,0.0
20.19,20,Distributed-store access overhead,0.0,0.0,0.0,0.0,0.0,0.0,0.0,0.1528548495188371,0.0,0.0,0.0,0.0,0.0,0.0,0.0,0.0,0.0,0.0,0.0,0.0,0.0,0.0,0.0
20.20,20,Unacceptable clone performance,0.0,0.0,0.0,0.0,0.0,0.0,0.0,0.42496256793040116,0.0,0.0,0.0,0.0,0.0,0.0,0.0,0.0,0.0,0.0,0.0,0.0,0.0,0.0,0.0
20.21,20,Packfile hosting management burden,0.0,0.0,0.0,0.0,0.0,0.0,0.0,-0.8995837353872093,0.0,0.0,0.0,0.0,0.0,0.0,0.0,0.0,0.0,0.0,0.0,0.0,0.0,0.0,0.0
20.22,20,Packfile hosting scalability ceiling,0.0,0.0,0.0,0.0,0.0,0.0,0.0,-1.0,0.0,0.0,0.0,0.0,0.0,0.0,0.0,0.0,0.0,0.0,0.0,0.0,0.0,0.0,0.0
21.1,21,Incremental pack-file repacking,0.0,0.0,0.0,0.0,0.0,0.0,0.0,0.0,0.1161322765582189,0.0,0.0,0.0,0.0,0.0,0.0,0.0,0.0,0.0,0.0,0.0,0.0,0.0,0.0
21.2,21,Multi-pack-index reference redirection,0.0,0.0,0.0,0.0,0.0,0.0,0.0,0.0,0.5807428651613319,0.0,0.0,0.0,0.0,0.0,0.0,0.0,0.0,0.0,0.0,0.0,0.0,0.0,0.0
21.3,21,Deferred obsolete-pack deletion,0.0,0.0,0.0,0.0,0.0,0.0,0.0,0.0,0.7812421076320631,0.0,0.0,0.0,0.0,0.0,0.0,0.0,0.0,0.0,0.0,0.0,0.0,0.0,0.0
21.4,21,Single-pack-file repacking,0.0,0.0,0.0,0.0,0.0,0.0,0.0,0.0,0.06498922785812383,0.0,0.0,0.0,0.0,0.0,0.0,0.0,0.0,0.0,0.0,0.0,0.0,0.0,0.0
21.5,21,Primary-only compaction,0.0,0.0,0.0,0.0,0.0,0.0,0.0,0.0,-1.0,0.0,0.0,0.0,0.0,0.0,0.0,0.0,0.0,0.0,0.0,0.0,0.0,0.0,0.0
21.6,21,Replica-side repository repacking,0.0,0.0,0.0,0.0,0.0,0.0,0.0,0.0,-0.6667525591951061,0.0,0.0,0.0,0.0,0.0,0.0,0.0,0.0,0.0,0.0,0.0,0.0,0.0,0.0
21.7,21,Unbounded pack-file accumulation,0.0,0.0,0.0,0.0,0.0,0.0,0.0,0.0,0.5544987281582054,0.0,0.0,0.0,0.0,0.0,0.0,0.0,0.0,0.0,0.0,0.0,0.0,0.0,0.0
21.8,21,Pack-count and storage-footprint reduction,0.0,0.0,0.0,0.0,0.0,0.0,0.0,0.0,0.4149152509806132,0.0,0.0,0.0,0.0,0.0,0.0,0.0,0.0,0.0,0.0,0.0,0.0,0.0,0.0
21.9,21,Git compaction as ingestion bottleneck,0.0,0.0,0.0,0.0,0.0,0.0,0.0,0.0,-0.8457678971534509,0.0,0.0,0.0,0.0,0.0,0.0,0.0,0.0,0.0,0.0,0.0,0.0,0.0,0.0
14.1,14,Live-traffic-based failure detection,0.0,0.0,0.0,-0.8223185717892965,0.0,0.0,0.0,0.0,0.0,0.0,0.0,0.0,0.0,0.0,0.0,0.0,0.0,0.0,0.0,0.0,0.0,0.0,0.0
14.2,14,Automated permanent-failure repair,0.0,0.0,0.0,0.4081295554588573,0.0,0.0,0.0,0.0,0.0,0.0,0.0,0.0,0.0,0.0,0.0,0.0,0.0,0.0,0.0,0.0,0.0,0.0,0.0
14.3,14,Retiring-server replica-count removal,0.0,0.0,0.0,0.4796113014451844,0.0,0.0,0.0,0.0,0.0,0.0,0.0,0.0,0.0,0.0,0.0,0.0,0.0,0.0,0.0,0.0,0.0,0.0,0.0
14.4,14,MxN failure-detection matrix,0.0,0.0,0.0,-0.7841877200833715,0.0,0.0,0.0,0.0,0.0,0.0,0.0,0.0,0.0,0.0,0.0,0.0,0.0,0.0,0.0,0.0,0.0,0.0,0.0
14.5,14,Per-application-server failure isolation,0.0,0.0,0.0,-0.9049953431293699,0.0,0.0,0.0,0.0,0.0,0.0,0.0,0.0,0.0,0.0,0.0,0.0,0.0,0.0,0.0,0.0,0.0,0.0,0.0
14.6,14,Heartbeat-based primary failure detection,0.0,0.0,0.0,-0.16347403165940338,0.0,0.0,0.0,0.0,0.0,0.0,0.0,0.0,0.0,0.0,0.0,0.0,0.0,0.0,0.0,0.0,0.0,0.0,0.0
14.7,14,Advisory replica-offline status,0.0,0.0,0.0,0.2605443874060925,0.0,0.0,0.0,0.0,0.0,0.0,0.0,0.0,0.0,0.0,0.0,0.0,0.0,0.0,0.0,0.0,0.0,0.0,0.0
14.8,14,Cross-server fault inference,0.0,0.0,0.0,-1.0,0.0,0.0,0.0,0.0,0.0,0.0,0.0,0.0,0.0,0.0,0.0,0.0,0.0,0.0,0.0,0.0,0.0,0.0,0.0
14.9,14,Pet-style repository operations,0.0,0.0,0.0,0.7017423789533085,0.0,0.0,0.0,0.0,0.0,0.0,0.0,0.0,0.0,0.0,0.0,0.0,0.0,0.0,0.0,0.0,0.0,0.0,0.0
14.10,14,Three-consecutive-failure offline threshold,0.0,0.0,0.0,0.02090068546003505,0.0,0.0,0.0,0.0,0.0,0.0,0.0,0.0,0.0,0.0,0.0,0.0,0.0,0.0,0.0,0.0,0.0,0.0,0.0
14.11,14,Losing-replica isolation,0.0,0.0,0.0,0.49839382805778476,0.0,0.0,0.0,0.0,0.0,0.0,0.0,0.0,0.0,0.0,0.0,0.0,0.0,0.0,0.0,0.0,0.0,0.0,0.0
14.12,14,N-to-N replica reconstruction,0.0,0.0,0.0,0.7943698058578376,0.0,0.0,0.0,0.0,0.0,0.0,0.0,0.0,0.0,0.0,0.0,0.0,0.0,0.0,0.0,0.0,0.0,0.0,0.0
14.13,14,Localized failure-detector false positive,0.0,0.0,0.0,-0.969271557833056,0.0,0.0,0.0,0.0,0.0,0.0,0.0,0.0,0.0,0.0,0.0,0.0,0.0,0.0,0.0,0.0,0.0,0.0,0.0
14.14,14,Operational burden of repository health management,0.0,0.0,0.0,0.5576282069614646,0.0,0.0,0.0,0.0,0.0,0.0,0.0,0.0,0.0,0.0,0.0,0.0,0.0,0.0,0.0,0.0,0.0,0.0,0.0
14.15,14,Cluster-size recovery scaling,0.0,0.0,0.0,0.33552964813157515,0.0,0.0,0.0,0.0,0.0,0.0,0.0,0.0,0.0,0.0,0.0,0.0,0.0,0.0,0.0,0.0,0.0,0.0,0.0
14.16,14,Replica failover from concurrent maintenance,0.0,0.0,0.0,0.5873974267623568,0.0,0.0,0.0,0.0,0.0,0.0,0.0,0.0,0.0,0.0,0.0,0.0,0.0,0.0,0.0,0.0,0.0,0.0,0.0
15.1,15,Distributed version-control model,0.0,0.0,0.0,0.0,-0.0385341688702405,0.0,0.0,0.0,0.0,0.0,0.0,0.0,0.0,0.0,0.0,0.0,0.0,0.0,0.0,0.0,0.0,0.0,0.0
15.2,15,Decentralized subsystem-maintainer workflow,0.0,0.0,0.0,0.0,-1.0,0.0,0.0,0.0,0.0,0.0,0.0,0.0,0.0,0.0,0.0,0.0,0.0,0.0,0.0,0.0,0.0,0.0,0.0
15.3,15,Offline work and delayed-push capabilities,0.0,0.0,0.0,0.0,0.29163812635793235,0.0,0.0,0.0,0.0,0.0,0.0,0.0,0.0,0.0,0.0,0.0,0.0,0.0,0.0,0.0,0.0,0.0,0.0
15.4,15,Centralized repository hosting,0.0,0.0,0.0,0.0,0.5211242138705565,0.0,0.0,0.0,0.0,0.0,0.0,0.0,0.0,0.0,0.0,0.0,0.0,0.0,0.0,0.0,0.0,0.0,0.0
15.5,15,Central-server-coupled object retrieval,0.0,0.0,0.0,0.0,0.8438107159592254,0.0,0.0,0.0,0.0,0.0,0.0,0.0,0.0,0.0,0.0,0.0,0.0,0.0,0.0,0.0,0.0,0.0,0.0
15.6,15,Distributed-model mismatch with centralized workflows,0.0,0.0,0.0,0.0,-0.6180388873174749,0.0,0.0,0.0,0.0,0.0,0.0,0.0,0.0,0.0,0.0,0.0,0.0,0.0,0.0,0.0,0.0,0.0,0.0
