view,alignment,dimension_id,dimension_name,decision_id,decision_name,share,matched
paper,strict,1,Data Ingestion Strategy,data_ingestion_decision,How to ingest data into ML projects or applications?,0.75,3
paper,strict,15,MLOps Operating Model,model_building_decision,How to perform model building in an ML project?,0.3333,1
paper,strict,17,Dataset Treatment Strategy,data_processing_tasks_decision,Which data processing tasks can be performed by a data processing pipeline or component?,0.5,1
paper,strict,18,Computation Timing Strategy,batch_or_realtime_data_processing_decision,Should data be processed in batches or in realtime?,1.0,2
paper,strict,19,Model Construction Automation Strategy,model_building_tasks_decision,Which tasks can be performed by a model building pipeline or component?,0.5,3
paper,strict,2,Data Repository Strategy,feature_persistence_and_access_decision,How to persist and provide access to features?,0.5,1
paper,strict,3,Data Preparation Architecture,data_processing_automation_decision,How to automatically process the data used for model building?,0.75,3
paper,strict,5,ML Integration Automation Strategy,auto_ml_decision,Should AutoML be used and if so where?,0.5,1
paper,lenient,1,Data Ingestion Strategy,data_ingestion_decision,How to ingest data into ML projects or applications?,0.75,3
paper,lenient,1,Data Ingestion Strategy,data_processing_automation_decision,How to automatically process the data used for model building?,0.25,1
paper,lenient,15,MLOps Operating Model,model_building_decision,How to perform model building in an ML project?,0.3333,1
paper,lenient,17,Dataset Treatment Strategy,data_processing_automation_decision,How to automatically process the data used for model building?,0.5,1
paper,lenient,17,Dataset Treatment Strategy,data_processing_tasks_decision,Which data processing tasks can be performed by a data processing pipeline or component?,0.5,1
paper,lenient,18,Computation Timing Strategy,batch_or_realtime_data_processing_decision,Should data be processed in batches or in realtime?,1.0,2
paper,lenient,19,Model Construction Automation Strategy,model_building_decision,How to perform model building in an ML project?,0.3333,1
paper,lenient,19,Model Construction Automation Strategy,model_building_tasks_decision,Which tasks can be performed by a model building pipeline or component?,0.5,3
paper,lenient,2,Data Repository Strategy,feature_persistence_and_access_decision,How to persist and provide access to features?,0.5,1
paper,lenient,3,Data Preparation Architecture,data_processing_automation_decision,How to automatically process the data used for model building?,0.75,3
paper,lenient,3,Data Preparation Architecture,data_processing_tasks_decision,Which data processing tasks can be performed by a data processing pipeline or component?,0.5,3
paper,lenient,4,Data Processing Placement Strategy,data_processing_automation_decision,How to automatically process the data used for model building?,0.25,1
paper,lenient,4,Data Processing Placement Strategy,data_processing_tasks_decision,Which data processing tasks can be performed by a data processing pipeline or component?,0.25,1
paper,lenient,4,Data Processing Placement Strategy,model_building_tasks_decision,Which tasks can be performed by a model building pipeline or component?,0.25,1
paper,lenient,5,ML Integration Automation Strategy,auto_ml_decision,Should AutoML be used and if so where?,0.5,1
paper,lenient,5,ML Integration Automation Strategy,data_ingestion_decision,How to ingest data into ML projects or applications?,0.25,1
paper,lenient,5,ML Integration Automation Strategy,trigger_pipeline_or_orchestrator_decision,How to trigger a machine learning pipeline or orchestrator?,0.4,2
paper,lenient,6,Model Validation Strategy,model_building_decision,How to perform model building in an ML project?,0.3333,1
paper,lenient,7,Model Artifact Packaging Strategy,model_building_tasks_decision,Which tasks can be performed by a model building pipeline or component?,0.25,1
model,strict,1,Data Ingestion Strategy,data_ingestion_decision,How to ingest data into ML projects or applications?,0.75,3
model,strict,10,Inference Execution Strategy,delivery_tasks_decision,Which tasks can be performed by a delivery pipeline or component?,0.2857,2
model,strict,11,Production Monitoring Strategy,monitoring_and_tracking_in_production_decision,How to monitor and track the model in production?,0.75,3
model,strict,12,ML Provenance Strategy,deploying_how_to_version_data_decision,How to version data decision?,0.3333,1
model,strict,15,MLOps Operating Model,mlops_decision,Should MLOps be used and if so when?,0.5,1
model,strict,17,Dataset Treatment Strategy,data_processing_tasks_decision,Which data processing tasks can be performed by a data processing pipeline or component?,0.5,1
model,strict,18,Computation Timing Strategy,batch_or_realtime_data_processing_decision,Should data be processed in batches or in realtime?,1.0,2
model,strict,19,Model Construction Automation Strategy,monitoring_model_adjustment_decision,How to adjust models based on monitoring results?,0.5,1
model,strict,2,Data Repository Strategy,feature_persistence_and_access_decision,How to persist and provide access to features?,0.5,1
model,strict,20,Model Release Transition Strategy,deploying_model_versions_in_production_decision,Which model versions should be deployed to production and how?,0.3333,1
model,strict,3,Data Preparation Architecture,data_processing_automation_decision,How to automatically process the data used for model building?,0.75,3
model,strict,4,Data Processing Placement Strategy,data_processing_parallelization_decision,How to parallelize data processing?,0.5,2
model,strict,5,ML Integration Automation Strategy,automated_integration_and_delivery_decision,How to perform automatic integration and delivery in a machine learning context?,0.5,2
model,strict,6,Model Validation Strategy,what_to_test_decision,What to test in a machine learning/data science pipeline?,0.6667,6
model,strict,7,Model Artifact Packaging Strategy,model_building_tasks_decision,Which tasks can be performed by a model building pipeline or component?,0.25,1
model,strict,9,Prediction Interface Strategy,model_serving_decision,How to serve model predictions or scores?,0.4,2
model,lenient,1,Data Ingestion Strategy,data_access_interface_decision,How to design the interface for data access?,0.4,2
model,lenient,1,Data Ingestion Strategy,data_ingestion_decision,How to ingest data into ML projects or applications?,0.75,3
model,lenient,1,Data Ingestion Strategy,data_processing_automation_decision,How to automatically process the data used for model building?,0.25,1
model,lenient,10,Inference Execution Strategy,delivery_tasks_decision,Which tasks can be performed by a delivery pipeline or component?,0.2857,2
model,lenient,11,Production Monitoring Strategy,monitoring_and_tracking_in_production_decision,How to monitor and track the model in production?,0.75,3
model,lenient,12,ML Provenance Strategy,deploying_how_to_version_data_decision,How to version data decision?,0.3333,1
model,lenient,12,ML Provenance Strategy,mlops_decision,Should MLOps be used and if so when?,0.5,1
model,lenient,15,MLOps Operating Model,automated_integration_and_delivery_decision,How to perform automatic integration and delivery in a machine learning context?,0.25,1
model,lenient,15,MLOps Operating Model,mlops_decision,Should MLOps be used and if so when?,0.5,1
model,lenient,15,MLOps Operating Model,model_building_decision,How to perform model building in an ML project?,0.3333,1
model,lenient,17,Dataset Treatment Strategy,data_processing_automation_decision,How to automatically process the data used for model building?,0.5,1
model,lenient,17,Dataset Treatment Strategy,data_processing_tasks_decision,Which data processing tasks can be performed by a data processing pipeline or component?,0.5,1
model,lenient,18,Computation Timing Strategy,batch_or_realtime_data_processing_decision,Should data be processed in batches or in realtime?,1.0,2
model,lenient,18,Computation Timing Strategy,model_serving_decision,How to serve model predictions or scores?,0.6667,2
model,lenient,19,Model Construction Automation Strategy,automated_integration_and_delivery_decision,How to perform automatic integration and delivery in a machine learning context?,0.25,1
model,lenient,19,Model Construction Automation Strategy,deploying_what_to_deploy_automatically_decision,"What to build, test, and deploy automatically by CI/CD pipelines?",0.3333,1
model,lenient,19,Model Construction Automation Strategy,model_building_decision,How to perform model building in an ML project?,0.3333,1
model,lenient,19,Model Construction Automation Strategy,model_building_tasks_decision,Which tasks can be performed by a model building pipeline or component?,0.5,3
model,lenient,19,Model Construction Automation Strategy,monitoring_model_adjustment_decision,How to adjust models based on monitoring results?,0.5,1
model,lenient,2,Data Repository Strategy,deploying_how_to_version_data_decision,How to version data decision?,0.3333,1
model,lenient,2,Data Repository Strategy,feature_persistence_and_access_decision,How to persist and provide access to features?,0.5,1
model,lenient,2,Data Repository Strategy,store_data_decision,How to store data used in machine learning applications?,0.3333,1
model,lenient,20,Model Release Transition Strategy,automated_integration_and_delivery_decision,How to perform automatic integration and delivery in a machine learning context?,0.25,1
model,lenient,20,Model Release Transition Strategy,deploying_model_versions_in_production_decision,Which model versions should be deployed to production and how?,0.3333,1
model,lenient,20,Model Release Transition Strategy,deploying_what_to_deploy_automatically_decision,"What to build, test, and deploy automatically by CI/CD pipelines?",0.3333,1
model,lenient,3,Data Preparation Architecture,data_processing_automation_decision,How to automatically process the data used for model building?,0.75,3
model,lenient,3,Data Preparation Architecture,data_processing_tasks_decision,Which data processing tasks can be performed by a data processing pipeline or component?,0.5,3
model,lenient,4,Data Processing Placement Strategy,data_processing_automation_decision,How to automatically process the data used for model building?,0.25,1
model,lenient,4,Data Processing Placement Strategy,data_processing_parallelization_decision,How to parallelize data processing?,0.5,2
model,lenient,4,Data Processing Placement Strategy,data_processing_tasks_decision,Which data processing tasks can be performed by a data processing pipeline or component?,0.25,1
model,lenient,4,Data Processing Placement Strategy,model_building_tasks_decision,Which tasks can be performed by a model building pipeline or component?,0.25,1
model,lenient,5,ML Integration Automation Strategy,auto_ml_decision,Should AutoML be used and if so where?,0.5,1
model,lenient,5,ML Integration Automation Strategy,automated_integration_and_delivery_decision,How to perform automatic integration and delivery in a machine learning context?,0.5,2
model,lenient,5,ML Integration Automation Strategy,data_ingestion_decision,How to ingest data into ML projects or applications?,0.25,1
model,lenient,5,ML Integration Automation Strategy,trigger_pipeline_or_orchestrator_decision,How to trigger a machine learning pipeline or orchestrator?,0.4,2
model,lenient,6,Model Validation Strategy,model_building_decision,How to perform model building in an ML project?,0.3333,1
model,lenient,6,Model Validation Strategy,what_to_test_decision,What to test in a machine learning/data science pipeline?,0.6667,6
model,lenient,7,Model Artifact Packaging Strategy,delivery_tasks_decision,Which tasks can be performed by a delivery pipeline or component?,0.25,1
model,lenient,7,Model Artifact Packaging Strategy,model_building_tasks_decision,Which tasks can be performed by a model building pipeline or component?,0.25,1
model,lenient,9,Prediction Interface Strategy,integrating_ml_model_decision,How to integrate a machine learning model in an application?,0.2857,2
model,lenient,9,Prediction Interface Strategy,model_serving_decision,How to serve model predictions or scores?,0.4,2
