passage_id,dimension,value,status,verdict,reason,human
s03_p04,Repository Placement Strategy,Any-replica read routing: Routes fetches and clones to any synchronized replica instead of a designated read replica.,accepted,partial,"It says read operations try replicas in preference order and move a failed replica to the end, but not that fetches/clones are routed to any synchronized replica specifically.",
s05_p01,Client Scaling Integration,Custom Git build dependency: Requires a Git build containing Scalar-specific functionality for repository-scaling features.,accepted,partial,"The passage says Scalar builds on Git client contributions and may make its way into Git, but it does not describe requiring a custom Git build with Scalar-specific functionality.",
s01_p16,Client Scaling Integration,Low-friction platform migration: Adoption of improved repository infrastructure minimizes migration disruption.,accepted,supports,"The passage explicitly says the platform provides a smooth off-ramp and makes migration as painless as possible, directly supporting low-friction migration.",
s05_p13,Packfile Lifecycle Management,Multi-pack-index reference redirection: Which index mechanism redirects selected objects to newly generated packs while retaining old packs temporarily?,accepted,supports,The passage explicitly says the multi-pack-index updates object references to point to a new pack-file while old pack-files remain referenced temporarily and are later expired.,
s01_p12,Repository Replication Mechanism,Optimistic UDP gossip replication: Replicas exchange catch-up metadata through lossy gossip while authoritative reads verify state independently.,accepted,supports,"The passage explicitly describes optimistic replication via lossy UDP gossip, with replicas catching up from S3 and reads verifying freshness against the authoritative source.",
s03_p04,Replica Failure Recovery,Advisory replica-offline status: How is an uncertain offline judgment represented in replica routing?,accepted,supports,"It says an offline node is only advisorially marked and moved to the end of the preference order rather than removed, which directly represents uncertain offline status in routing.",
s02_p06,Replica Update Scheduling,Coalesced bookkeeping reference updates: Combining non-time-critical bookkeeping reference updates into fewer transactions.,accepted,supports,It explicitly says some bookkeeping updates are coalesced into fewer transactions.,
s05_p08,Version-Control Operating Model,Centralized repository hosting: Coordinates users through a centralized repository host despite distributed client capabilities.,accepted,supports,"The passage explicitly says GVFS relaxes Git to be more coupled to a central server for missing objects, which matches centralized repository hosting.",
s01_p09,Replica Failure Recovery,Automated permanent-failure repair: Automatically restoring repository replication after disk or server failures.,accepted,supports,"It explicitly says bad repositories must be detected and a repair job scheduled to restore them to a healthy state, i.e. automated recovery after failure.",
s03_p02,Replica Write Commitment Policy,Insufficient-replication write refusal: Writes are refused when the minimum number of durable copies cannot be created.,accepted,supports,The passage explicitly says writes are refused when the system cannot make the minimum required number of copies or commit to at least two replicas.,
s05_p11,Client Repository Fetching,Hidden remote-reference namespace: Stores background-fetched references under a separate namespace without changing ordinary local or remote-tracking refs.,accepted,supports,It explicitly says background fetches are stored in a new hidden ref namespace and do not change ordinary local branches or refs/remotes.,
s03_p09,Replica Failure Recovery,Automated permanent-failure repair: Automatically restoring repository replication after disk or server failures.,accepted,supports,It explicitly says Spokes has automated repairs for recovering quickly when a disk or server fails permanently.,
s01_p15,Authority Synchronization,S3-backed write-ahead log: Persisting authoritative repository updates through a write-ahead log in S3.,accepted,supports,It explicitly says they designed a WAL-based system in S3 and persist each push to the WAL before acknowledging it.,
s05_p09,Client Maintenance Strategy,"Complete object-data rewrites: Maintenance rewrites all object data, including compression, during cleanup.",accepted,supports,"The passage explicitly says auto-GC completely rewrites all object data during garbage collection, including compression.",
s04_p02,Client Index Representation,Updated Git index format: Using a compact index representation to reduce large-repository client command overhead.,accepted,supports,It explicitly mentions additional compression of the `.git/index` file to improve command performance in large repositories.,
s03_p09,Replica Checksum Strategy,"Spokes checksum: Summarizes reference names, values, and replica state to compare logical contents across replicas.",accepted,unrelated,"The passage discusses replica counts, writes, and failure handling, but not a checksum strategy for comparing logical contents across replicas.",
s01_p06,Repository Storage Representation,Normal on-disk Git repository operations: Runs standard Git operations against ordinary on-disk repositories using upstream-compatible tooling.,mixed,supports,The passage explicitly says Spokes stores data as actual Git repositories on local disks and runs standard Git operations against them.,
s01_p06,Repository Storage Representation,Eventually consistent repository replicas: Allows replicas to expose newly pushed repository data only after propagation completes.,mixed,supports,"The passage explicitly contrasts Spokes with eventual consistency and says it keeps all copies consistently in sync, ensuring replicas are fully consistent rather than exposing new data only after propagation.",
s05_p01,Client Maintenance Scheduling,Background Git maintenance: Running repository maintenance asynchronously instead of periodic foreground garbage collection.,mixed,supports,The passage explicitly says Scalar maximizes Git performance by running background maintenance instead of relying on foreground operations.,
s05_p15,Client Maintenance Scheduling,Background Git maintenance: Running repository maintenance asynchronously instead of periodic foreground garbage collection.,mixed,supports,The passage explicitly says Git currently depends on periodic foreground garbage collection and plans to contribute background maintenance to core Git.,
s05_p15,Client Filesystem and Status Monitoring,Git-aware filesystem watcher: Using a Git-specific watcher to avoid broad filesystem scans during client maintenance.,mixed,supports,The passage explicitly proposes creating a custom Git-specific filesystem watcher that understands .gitignore to avoid unnecessary scans.,
s01_p15,Authority Synchronization,External relational database for repository references: Stores repository references in an external relational database alongside blob-stored packfiles.,mixed,supports,"The passage explicitly describes a system that stores packfiles in blob storage and repository references in a relational database, then contrasts it with a WAL-based alternative.",
s01_p06,Repository Replication Mechanism,Packfile-level replication: Replicates Git data as packfiles while leaving Git operations standard on each repository replica.,mixed,supports,The passage explicitly says Spokes works at the packfile level and replicates Git data while keeping standard Git repositories and operations on local replicas.,
s01_p04,Repository Storage Representation,Normal on-disk Git repository operations: Runs standard Git operations against ordinary on-disk repositories using upstream-compatible tooling.,mixed,supports,The passage explicitly says GitHub’s early system used copies of repositories on disk and discussed running standard Git against local on-disk repositories via filesystem semantics.,
s01_p06,Replica Topology and Factor,Colocated filesystem replicas: Keeping filesystem replicas near one another because block replication is latency-sensitive.,rejected,unrelated,"The passage discusses consistency and local NVMe storage, not colocating filesystem replicas to reduce latency for block replication.",
s01_p03,Repository Storage Representation,Distributed hash-table packfile storage: Normal on-disk packfiles are replaced by a distributed hash table.,rejected,supports,The passage explicitly says on-disk packfiles were replaced with a distributed hash table and that this design was discarded.,
s02_p01,Replica Topology and Factor,Block-level filesystem replication: Replicating repository storage at filesystem or block level.,rejected,supports,The passage explicitly says Spokes replaced an older filesystem block-level replication system.,
s03_p08,Maintenance Transition Strategy,"Direct reboot or unplugging: Stops a server immediately, risking interruption and loss of progress for long-running reads such as large clones.",rejected,supports,The passage explicitly rejects sudden unplugging and unplanned reboots because they interrupt reads and increase risk.,
s01_p02,Repository Storage Representation,Single on-disk HTTP repository: An HTTP daemon serves one local on-disk repository.,rejected,partial,"The passage explicitly mentions the simple approach of putting an HTTP server in front of a repository on disk, but only as a limited naive approach rather than adopting or clearly rejecting the single on-disk HTTP repository design.",
s03_p07,Maintenance Transition Strategy,"Direct reboot or unplugging: Stops a server immediately, risking interruption and loss of progress for long-running reads such as large clones.",rejected,supports,"The passage explicitly says a server can be rebooted or unplugged, but rejects doing so casually because it can break in-progress reads and lose clone progress.",
s02_p02,Replica Topology and Factor,Colocated filesystem replicas: Keeping filesystem replicas near one another because block replication is latency-sensitive.,rejected,supports,"The passage explicitly says DRBD block-level replication was latency-sensitive, forcing filesystem replicas to be kept right next to each other.",
s01_p02,Repository Storage Representation,Server-internal non-packfile storage: The server uses an internal representation other than packfiles while preserving packfile network operations.,rejected,supports,"It explicitly says the server need not use packfiles internally, while still requiring packfiles for network operations.",
s05_p09,Client Maintenance Strategy,Repository performance decay: Disabling cleanup causes repository performance to deteriorate as objects accumulate.,outcome,supports,The passage explicitly says disabling automatic garbage collection causes Git performance to decay slowly as objects accumulate.,
s01_p08,Replica Topology and Factor,Replica-count scaling bottleneck: Increasing the number of replicas reduces push throughput under three-phase commit.,outcome,supports,The passage explicitly states that adding more replicas makes push throughput worse under three-phase commit.,
s02_p05,Replica Checksum Strategy,Full checksum recomputation: Recomputing all reference hashes from scratch becomes expensive for repositories with many references.,outcome,supports,It says computing the checksum from scratch is relatively expensive in repositories with many references and therefore should be done incrementally instead.,
s01_p16,Client Scaling Integration,"Agent-driven workload growth: Software agents increase code, pull-request, and CI workload demands on repository infrastructure.",outcome,supports,"The passage explicitly says agents have increased code, PRs, and CI runs, which matches agent-driven workload growth on repository infrastructure.",
s05_p13,Packfile Lifecycle Management,Unbounded pack-file accumulation: What pack-growth condition can result when pack maintenance is not bounded?,outcome,supports,"The passage says letting pack-files grow without bound causes thousands of packs, directly describing the unbounded accumulation outcome.",
s05_p06,Client Clone Materialization,Populated-file data cost: Populating working files costs substantially more data movement and processing than changing index entries.,outcome,supports,The passage explicitly says populating a file is much more expensive than adjusting an index entry because of the amount of data involved.,
s01_p04,Repository Serving Architecture,Single-machine repository storage: Keeping each repository on only one machine after remote fileserver access.,outcome,partial,"The passage discusses early GitHub keeping repository copies on a single machine and later considering centralized storage, but it focuses on distributed filesystem attempts rather than endorsing single-machine repository storage as a durable architecture.",
s02_p02,Replica Write Commitment Policy,High-latency reference-update constraint: Limiting reference-update throughput because distant replica coordination incurs high latency.,outcome,supports,"The passage explicitly says higher latency between distant replicas limits the maximum rate of Git reference updates, which is the described high-latency reference-update constraint.",
