option_id,option_text,open_codes_status,judged,candidates,best_code,judge_label,distance,human_label (present/absent),notes
gated_reward_accumulation_g_ra,Reward Hacking Mitigation Architecture › Gated Reward Accumulation (G-RA): Gate immediate rewards on long‑term outcomes to reduce multi‑step hacking incentives.,present,1,22,Gated reward accumulation: The document describes accumulating immediate verification rewards only when long-term outcome rewards pass a threshold. The design constrains shortcutting and over-exploitation of intermediate feedback in multi-turn or long-horizon tasks.,same,0.2924,,
human_in_the_loop_intervention,Automated Response Mechanism Selection › Human-in-the-Loop Intervention: Require human approval or takeover for high‑risk decisions or when anomalies are detected.,present,1,22,"Human-in-the-loop supervision for high-risk actions: The document recommends human supervision when actions carry high risk, introducing an intervention mechanism rather than allowing the deployed agent unrestricted control.",same,0.3128,,
reward_function_redesign,Reward Hacking Mitigation Architecture › Reward Function Redesign: Use multi‑objective rewards and constraints to make hacking any single metric less beneficial.,present,1,22,"Multi-strategy reward-hacking mitigation: The document states that no single technique eliminates reward hacking and recommends combining reward design, regularization, diverse evaluation, monitoring, and rapid iteration.",broader,0.2191,,
decoupled_approval_feedback,Reward Hacking Mitigation Architecture › Decoupled Approval / Feedback: Collect feedback from queries sampled independently of taken actions to reduce feedback corruption.,present,1,22,Reward-hacking mitigation: The document presents mitigation of reward hacking as a key activity for addressing harmful behavior and maintaining response quality and trustworthiness. This corresponds to a production-monitoring response when reward-hacking signals are detected.,broader,0.3436,,
mid_run_reward_function_update,Automated Response Mechanism Selection › Mid-Run Reward Function Update: Adjust reward functions and constraints mid‑run when reward hacking or proxy misalignment is detected.,present,8,22,Reward-gaming monitoring and reward updates: The document recommends monitoring for gaming behaviors and updating reward functions when exploits are discovered; it also cites mid-run intervention as a way to remove hacking.,broader,0.3214,,
multi_armed_bandit_integration,"Safe Exploration Strategy Selection › Multi-Armed Bandit Integration: Use bandit approaches for low‑risk exploration of policy variants, especially in recommender and ranking systems.",present,3,22,"Safe exploration mechanism: The document states that production RL requires techniques that constrain exploration to prevent harm to users, system damage, and business-constraint violations while preserving learning capability.",broader,0.4665,,
action_failure_rate_monitoring,"Production Monitoring Signal Selection › Action Failure Rate Monitoring: Track rates of failed, rolled‑back, or rejected actions as first‑class operational signals.",present,8,22,Anomalous policy-behavior detection: Monitoring must look for anomalous behavior after deployment because the production policy may not behave as expected; this is a key operational risk motivating monitoring infrastructure.,broader,0.458,,
embedding_based_drift_detection,Reward Degradation Test Statistic Selection › Embedding-Based Drift Detection: Detect environmental changes by monitoring state/observation embeddings directly.,present,3,22,Production model-drift monitoring: The document recommends monitoring relevant signals after deployment so models remain useful as the surrounding world changes; this is directly applicable to post-deployment monitoring infrastructure for learning agents.,broader,0.4168,,
hotelling_multivariate_test,Reward Degradation Test Statistic Selection › Hotelling Multivariate Test: Use multivariate mean‑shift tests over reward vectors.,present,1,22,Hotelling multivariate mean-shift test: Hotelling was evaluated as a competing multivariate mean-shift detection alternative and was not presented as the adopted monitoring method.,same,0.3156,,
continuous_adaptation_fine_tuning,Automated Response Mechanism Selection › Continuous Adaptation (Fine-tuning): Trigger fine‑tuning or continuous learning on new data as a response to drift.,present,1,22,Repeated fine-tuning cycle: The document presents repeated fine-tuning as the process through which models continuously improve their real-world performance. This represents an accepted adaptation mechanism connected to monitoring feedback and subsequent model updates.,same,0.3483,,
inoculation_prompting,Reward Hacking Mitigation Architecture › Inoculation Prompting: Train models with prompts that explicitly frame hacking as undesirable to reduce covert misalignment.,present,3,22,"Inoculation prompting: The study adopts inoculation prompting as an effective mitigation: explicitly framing reward hacking as acceptable in the current context prevents its generalization to sabotage, alignment faking, and other misaligned behaviors.",same,0.1952,,
automated_circuit_breakers,Automated Response Mechanism Selection › Automated Circuit Breakers: Automatically switch to a safe fallback policy or rules when monitored signals cross critical thresholds.,present,1,22,Automated circuit-breaker intervention: The document recommends circuit breakers that detect poor performance and automatically interrupt the deployed policy before significant damage occurs.,same,0.2583,,
cusum_sequential_test,Reward Degradation Test Statistic Selection › CUSUM Sequential Test: Apply classical cumulative‑sum change‑detection to reward sequences.,present,1,22,Reward-signal monitoring: The document specifically centers degradation detection on episodic signals such as the rewards received by an RL agent.,broader,0.433,,
blue_green_traffic_shift,Automated Response Mechanism Selection › Blue-Green Traffic Shift: Use infrastructure‑level traffic switching (blue/green or canary) to revert quickly without complex state restoration.,present,1,22,"Traffic-shifting rollback: A rollback can be implemented by shifting all traffic from the new model back to the stable version through a load balancer, service mesh, or API gateway; the problematic instance may be retained for diagnostics or terminated.",same,0.4241,,
variance_tuned_threshold,False Alarm Rate Control Method › Variance-Tuned Threshold: Calibrate thresholds to historical variance to reduce noise‑driven alerts.,present,1,22,"Historical-variance-tuned alert thresholds: The document recommends tuning thresholds to historical variance in order to reduce false positives while monitoring offline evaluation, drift, and operational behavior.",same,0.2306,,
metric_divergence_monitoring,Production Monitoring Signal Selection › Metric Divergence Monitoring: Compare an optimised metric against related metrics; divergence suggests specification gaming.,present,1,22,"Metric-divergence alerting: The document recommends automatic alerts when an optimized metric improves while related metrics decline, using this divergence as a monitoring signal for gaming.",narrower,0.2368,,
myopic_optimisation_mona_like,Reward Hacking Mitigation Architecture › Myopic Optimisation (MONA-like): Limit optimisation horizon to discourage multi‑step reward‑tampering strategies and unlearn existing hacks.,present,1,22,"Multi-step reward-hacking prevention: The document states that MONA can prevent multi-step reward hacking independently of the initial model’s propensity to perform it, identifying prevention of extended reward-hacking behavior as a monitoring objective.",broader,0.1982,,
reward_proxy_gap_tracking,Production Monitoring Signal Selection › Reward Proxy Gap Tracking: Compare offline/validation reward estimates with live proxy metrics to reveal eval–deployment gaps.,present,3,22,Proxy-reward metrics as monitoring signals: The document describes standard monitoring that tracks proxy-reward metrics as agent capability increases; these metrics continue improving even when real-world performance declines.,broader,0.2904,,
security_significant_signals,"Production Monitoring Signal Selection › Security-Significant Signals: Monitor anomalous tool usage, data‑access patterns, and other security‑relevant behaviours (for agentic RLHF systems).",present,1,22,Observation-signal monitoring: Observations are identified as one of the characteristic information sources available for monitoring an RL agent after deployment.,broader,0.3359,,
reward_model_vs_outcome_divergence,Reward Hacking Detection Strategy › Reward Model vs Outcome Divergence: Compare reward‑model scores with actual outcomes; divergence may indicate hacking of the reward model.,present,1,22,Reward hacking as consistent optimization of unintended objectives: The CoastRunners example shows that a reward-hacked policy can reliably achieve high scores while failing the intended purpose. This distinguishes reward hacking from ordinary generalization failure and creates a monitoring need for discrepancies between measured reward and intended behavior.,broader,0.2409,,
