option_id,option,decision,views,open_codes,generate,update_1,update_2,update_3,update_4,update_5,update_6,update_7,update_8,review,consolidated,selected,loss_stage,dropped_then_recovered
conservative_policy_updates,Conservative Policy Updates,Safe Exploration Strategy Selection,model+paper,present,absent,absent,absent,absent,absent,absent,absent,absent,absent,absent,absent,absent,generate,False
constrained_policy_optimisation,Constrained Policy Optimisation,Safe Exploration Strategy Selection,model+paper,present,absent,present,present,present,present,present,present,present,present,present,present,absent,selected,True
multi_armed_bandit_integration,Multi-Armed Bandit Integration,Safe Exploration Strategy Selection,model+paper,present,absent,absent,absent,absent,absent,absent,absent,absent,absent,absent,absent,absent,generate,False
rl_specific_metric_tracking,RL-Specific Metric Tracking,Production Monitoring Signal Selection,model+paper,present,absent,present,present,present,present,present,present,present,present,present,present,present,,True
business_outcome_correlation,Business Outcome Correlation,Production Monitoring Signal Selection,model+paper,present,absent,absent,absent,absent,absent,absent,absent,present,present,present,present,present,,True
a_b_policy_comparison,A/B Policy Comparison,Production Monitoring Signal Selection,model+paper,present,absent,absent,absent,absent,absent,absent,absent,absent,absent,absent,absent,absent,generate,False
covariance_weighted_reward_signal,Covariance-Weighted Reward Signal,Production Monitoring Signal Selection,model+paper,present,present,present,present,absent,absent,absent,absent,absent,absent,absent,absent,absent,update_3,False
feature_distribution_drift_kl_mmd,Feature Distribution Drift (KL/MMD),Production Monitoring Signal Selection,model+paper,present,present,present,present,present,present,present,present,present,present,present,present,present,,False
reward_proxy_gap_tracking,Reward Proxy Gap Tracking,Production Monitoring Signal Selection,model+paper,present,absent,absent,absent,absent,present,present,present,absent,absent,absent,absent,absent,update_7,True
embedding_drift_detection,Embedding Drift Detection,Production Monitoring Signal Selection,model+paper,present,present,present,present,present,present,present,present,present,present,present,present,present,,False
activation_delta_monitoring,Activation Delta Monitoring,Production Monitoring Signal Selection,model+paper,present,present,present,present,present,present,present,present,present,present,present,present,present,,False
reward_model_score_monitoring,Reward Model Score Monitoring,Production Monitoring Signal Selection,model+paper,present,absent,absent,absent,absent,absent,absent,absent,present,present,present,present,present,,True
kl_divergence_from_reference_policy,KL Divergence from Reference Policy,Production Monitoring Signal Selection,model+paper,present,present,present,present,present,present,present,present,present,present,present,present,present,,False
metric_divergence_monitoring,Metric Divergence Monitoring,Production Monitoring Signal Selection,model+paper,present,present,present,present,absent,absent,absent,absent,absent,absent,absent,absent,absent,update_3,False
shield_intervention_rate_tracking,Shield Intervention Rate Tracking,Production Monitoring Signal Selection,model+paper,present,absent,absent,absent,absent,present,present,present,present,present,present,present,present,,True
context_sliced_signal_monitoring,Context-Sliced Signal Monitoring,Production Monitoring Signal Selection,model+paper,present,absent,absent,present,present,present,present,present,present,present,present,present,present,,True
action_failure_rate_monitoring,Action Failure Rate Monitoring,Production Monitoring Signal Selection,paper,present,absent,present,present,present,present,present,present,present,present,present,present,present,,True
latency_slo_monitoring,Latency SLO Monitoring,Production Monitoring Signal Selection,model+paper,present,absent,absent,absent,absent,absent,present,present,present,present,present,present,present,,True
security_significant_signals,Security-Significant Signals,Production Monitoring Signal Selection,model+paper,present,absent,present,present,present,present,present,present,present,present,present,present,present,,True
automated_circuit_breakers,Automated Circuit Breakers,Automated Response Mechanism Selection,model+paper,present,absent,absent,absent,absent,absent,absent,absent,absent,absent,absent,absent,absent,generate,False
policy_rollback,Policy Rollback,Automated Response Mechanism Selection,model+paper,present,absent,present,present,present,present,present,present,present,present,present,present,present,,True
rollback_with_learning_rate_stabilisation,Rollback with Learning-Rate Stabilisation,Automated Response Mechanism Selection,model+paper,present,absent,present,present,present,present,present,present,present,present,present,present,present,,True
blue_green_traffic_shift,Blue-Green Traffic Shift,Automated Response Mechanism Selection,model+paper,present,absent,absent,absent,absent,absent,absent,absent,present,present,present,present,absent,selected,True
graceful_degradation,Graceful Degradation,Automated Response Mechanism Selection,model+paper,present,absent,absent,absent,present,present,present,present,present,present,present,present,present,,True
human_in_the_loop_intervention,Human-in-the-Loop Intervention,Automated Response Mechanism Selection,model+paper,present,present,present,present,present,present,present,present,present,present,present,present,present,,False
continuous_adaptation_fine_tuning,Continuous Adaptation (Fine-tuning),Automated Response Mechanism Selection,model+paper,present,present,present,present,present,present,present,present,present,present,present,present,absent,selected,False
mid_run_reward_function_update,Mid-Run Reward Function Update,Automated Response Mechanism Selection,model+paper,present,absent,present,present,present,absent,absent,absent,present,present,present,present,present,,True
shadow_deployment,Shadow Deployment,Automated Response Mechanism Selection,model+paper,present,present,present,present,present,present,present,present,present,present,present,present,absent,selected,False
covariance_weighted_mean_test,Covariance-Weighted Mean Test,Reward Degradation Test Statistic Selection,model+paper,present,present,present,present,present,present,present,present,present,present,present,present,present,,False
naive_simple_mean,Naive Simple Mean,Reward Degradation Test Statistic Selection,model+paper,present,present,present,present,present,present,present,present,present,present,present,present,present,,False
cusum_sequential_test,CUSUM Sequential Test,Reward Degradation Test Statistic Selection,model+paper,present,present,present,present,present,present,present,present,present,present,present,present,present,,False
hotelling_multivariate_test,Hotelling Multivariate Test,Reward Degradation Test Statistic Selection,model+paper,present,present,present,present,present,present,present,present,present,present,present,present,present,,False
embedding_based_drift_detection,Embedding-Based Drift Detection,Reward Degradation Test Statistic Selection,model+paper,present,present,absent,absent,absent,present,present,present,present,present,present,present,present,,True
psi_kl_input_distribution_test,PSI / KL Input Distribution Test,Reward Degradation Test Statistic Selection,model+paper,present,absent,absent,absent,absent,present,present,present,present,present,present,present,present,,True
bootstrap_far_bfar,Bootstrap FAR (BFAR),False Alarm Rate Control Method,model+paper,present,present,present,present,present,present,present,present,present,present,present,present,present,,False
fixed_statistical_threshold,Fixed Statistical Threshold,False Alarm Rate Control Method,model+paper,absent,present,present,present,present,present,present,present,present,present,present,present,present,,False
adaptive_threshold,Adaptive Threshold,False Alarm Rate Control Method,model+paper,present,absent,absent,absent,absent,present,present,present,present,present,present,absent,absent,consolidated,True
variance_tuned_threshold,Variance-Tuned Threshold,False Alarm Rate Control Method,model+paper,present,absent,absent,absent,absent,present,present,present,present,present,present,present,present,,True
metric_divergence_detection,Metric Divergence Detection,Reward Hacking Detection Strategy,model+paper,present,present,present,present,present,present,present,present,present,present,present,present,present,,False
chain_of_thought_cot_analysis,Chain-of-Thought (CoT) Analysis,Reward Hacking Detection Strategy,model+paper,present,present,present,present,present,present,present,present,present,present,present,present,present,,False
adversarial_testing,Adversarial Testing,Reward Hacking Detection Strategy,model+paper,present,absent,present,present,present,present,present,present,present,present,present,present,present,,True
ensemble_reward_model_agreement,Ensemble Reward Model Agreement,Reward Hacking Detection Strategy,model+paper,present,absent,absent,absent,present,present,present,present,present,present,present,present,present,,True
behavioural_testing_on_held_out_environments,Behavioural Testing on Held-Out Environments,Reward Hacking Detection Strategy,model+paper,present,present,absent,absent,absent,present,present,present,present,present,present,present,absent,selected,True
anomaly_detection_with_trusted_policy,Anomaly Detection with Trusted Policy,Reward Hacking Detection Strategy,model+paper,present,absent,present,present,present,present,present,present,present,present,present,present,present,,True
deployment_time_feedback_loop_simulation,Deployment-Time Feedback Loop Simulation,Reward Hacking Detection Strategy,model+paper,present,absent,absent,absent,absent,present,present,present,present,present,present,present,absent,selected,True
reward_model_vs_outcome_divergence,Reward Model vs Outcome Divergence,Reward Hacking Detection Strategy,model+paper,present,absent,absent,absent,absent,present,present,present,present,present,present,present,absent,selected,True
verbalisation_self_report_vft,Verbalisation / Self-Report (VFT),Reward Hacking Detection Strategy,model+paper,present,absent,present,present,present,present,present,present,present,present,present,present,present,,True
regularisation_to_reference_policy,Regularisation to Reference Policy,Reward Hacking Mitigation Architecture,model+paper,present,present,present,present,present,present,present,present,present,present,present,present,absent,selected,False
reward_function_redesign,Reward Function Redesign,Reward Hacking Mitigation Architecture,model+paper,present,present,present,present,present,present,absent,absent,absent,absent,absent,absent,absent,update_5,False
preference_as_reward_par,Preference as Reward (PAR),Reward Hacking Mitigation Architecture,model+paper,present,present,absent,absent,absent,absent,absent,absent,absent,absent,absent,absent,absent,update_1,False
inoculation_prompting,Inoculation Prompting,Reward Hacking Mitigation Architecture,model+paper,present,absent,absent,absent,absent,absent,absent,absent,present,present,present,present,absent,selected,True
targeted_rlhf,Targeted RLHF,Reward Hacking Mitigation Architecture,model+paper,present,absent,absent,absent,absent,absent,absent,absent,absent,absent,absent,absent,absent,generate,False
periodic_reward_model_refresh,Periodic Reward-Model Refresh,Reward Hacking Mitigation Architecture,model+paper,present,absent,absent,absent,absent,present,present,present,present,present,present,absent,absent,consolidated,True
sft_on_non_gaming_data,SFT on Non-Gaming Data,Reward Hacking Mitigation Architecture,model+paper,present,absent,absent,absent,absent,absent,absent,absent,absent,absent,absent,absent,absent,generate,False
gated_reward_accumulation_g_ra,Gated Reward Accumulation (G-RA),Reward Hacking Mitigation Architecture,model+paper,present,absent,present,present,present,absent,present,present,present,present,present,present,absent,selected,True
myopic_optimisation_mona_like,Myopic Optimisation (MONA-like),Reward Hacking Mitigation Architecture,model+paper,present,absent,absent,absent,absent,absent,absent,absent,absent,absent,absent,absent,absent,generate,False
decoupled_approval_feedback,Decoupled Approval / Feedback,Reward Hacking Mitigation Architecture,model+paper,present,present,absent,absent,absent,absent,absent,absent,absent,absent,absent,absent,absent,update_1,False
hybrid_verifiers,Hybrid Verifiers,Reward Hacking Detection Strategy,model,present,absent,absent,absent,absent,absent,present,present,present,present,present,present,present,,True
complex_scenario_testing,Complex Scenario Testing,Reward Hacking Detection Strategy,model,present,absent,present,present,present,present,present,present,present,present,present,present,present,,True
simple_chat_based_monitoring,Simple Chat-based Monitoring,Reward Hacking Detection Strategy,model,present,absent,present,present,present,present,present,present,present,present,present,present,present,,True
human_review,Human Review,Reward Hacking Detection Strategy,model,present,present,present,present,present,present,present,present,present,present,present,present,present,,False
model_based_verifiers_alone,Model-based Verifiers Alone,Reward Hacking Detection Strategy,model,present,absent,absent,absent,absent,absent,absent,absent,absent,absent,absent,absent,absent,generate,False
rlhf_alone,RLHF Alone,Reward Hacking Detection Strategy,model,present,present,absent,absent,absent,present,present,present,absent,absent,absent,absent,present,,True
