value_id,dimension_id,label,dim_1_Production_Signal_Selection,dim_10_Release_and_Recovery_Control,dim_11_Inference_Serving_Strategy,dim_12_Safety_Constraint_Strategy,dim_13_Reward-Hack_Detection_Architecture,dim_2_Off-Policy_Evaluation_Method,dim_3_Behavioral_Verification_Method,dim_5_Reward_Construction_Strategy,dim_6_Update_Data_and_Adaptation_Strategy,dim_7_Training_and_Serving_Topology,dim_8_RL_Platform_Selection,dim_9_Adapter_Update_Strategy
1.1,1,Drift-metric monitoring,-0.22307831826928784,0.0,0.0,0.0,0.0,0.0,0.0,0.0,0.0,0.0,0.0,0.0
1.2,1,Behavior-policy observability,0.5659598677894963,0.0,0.0,0.0,0.0,0.0,0.0,0.0,0.0,0.0,0.0,0.0
1.3,1,Trajectory-complete logging,0.8461988755526926,0.0,0.0,0.0,0.0,0.0,0.0,0.0,0.0,0.0,0.0,0.0
1.4,1,Trajectory data-lake partitioning,0.7194019999284225,0.0,0.0,0.0,0.0,0.0,0.0,0.0,0.0,0.0,0.0,0.0
1.5,1,Training-inference feature consistency monitoring,-0.7293695054332273,0.0,0.0,0.0,0.0,0.0,0.0,0.0,0.0,0.0,0.0,0.0
1.6,1,Model-action logging,0.5568163032352699,0.0,0.0,0.0,0.0,0.0,0.0,0.0,0.0,0.0,0.0,0.0
1.7,1,Anomalous-policy behavior monitoring,-0.06392668234112309,0.0,0.0,0.0,0.0,0.0,0.0,0.0,0.0,0.0,0.0,0.0
1.8,1,Shadow-run metrics,-0.07443560529756128,0.0,0.0,0.0,0.0,0.0,0.0,0.0,0.0,0.0,0.0,0.0
1.9,1,Leadership-facing monitoring dashboards,-0.2183581658959491,0.0,0.0,0.0,0.0,0.0,0.0,0.0,0.0,0.0,0.0,0.0
1.10,1,Novelty detection,-1.0,0.0,0.0,0.0,0.0,0.0,0.0,0.0,0.0,0.0,0.0,0.0
1.11,1,Scenario-based OOD monitoring,-0.5383885513154105,0.0,0.0,0.0,0.0,0.0,0.0,0.0,0.0,0.0,0.0,0.0
1.12,1,Reward-hacking verbalization signal,0.15917978204667874,0.0,0.0,0.0,0.0,0.0,0.0,0.0,0.0,0.0,0.0,0.0
2.1,2,Importance-sampling policy evaluation,0.0,0.0,0.0,0.0,0.0,0.14709364595637986,0.0,0.0,0.0,0.0,0.0,0.0
2.2,2,Fitted-Q policy evaluation,0.0,0.0,0.0,0.0,0.0,0.37289834473580713,0.0,0.0,0.0,0.0,0.0,0.0
2.3,2,Off-policy correction,0.0,0.0,0.0,0.0,0.0,0.453627072496418,0.0,0.0,0.0,0.0,0.0,0.0
2.4,2,Counterfactual policy-value estimation,0.0,0.0,0.0,0.0,0.0,0.026380936811394674,0.0,0.0,0.0,0.0,0.0,0.0
2.5,2,Extreme importance-weight variance,0.0,0.0,0.0,0.0,0.0,-1.0,0.0,0.0,0.0,0.0,0.0,0.0
3.1,3,Offline policy evaluation for safety,0.0,0.0,0.0,0.0,0.0,0.0,0.6148641189456253,0.0,0.0,0.0,0.0,0.0
3.2,3,Offline policy learning,0.0,0.0,0.0,0.0,0.0,0.0,1.0,0.0,0.0,0.0,0.0,0.0
3.3,3,Historical-trace replay,0.0,0.0,0.0,0.0,0.0,0.0,0.8199447455904627,0.0,0.0,0.0,0.0,0.0
3.4,3,Synthetic stress testing,0.0,0.0,0.0,0.0,0.0,0.0,-0.3607097490639245,0.0,0.0,0.0,0.0,0.0
3.5,3,Benchmark-based safety validation,0.0,0.0,0.0,0.0,0.0,0.0,-0.8084289120853732,0.0,0.0,0.0,0.0,0.0
3.6,3,Unit-test-based deployment validation,0.0,0.0,0.0,0.0,0.0,0.0,-0.5723456277078169,0.0,0.0,0.0,0.0,0.0
3.7,3,Safety-constraint generalization failure,0.0,0.0,0.0,0.0,0.0,0.0,-0.5808859029925901,0.0,0.0,0.0,0.0,0.0
3.8,3,Constraint leakage under distribution shift,0.0,0.0,0.0,0.0,0.0,0.0,-0.4236575227961265,0.0,0.0,0.0,0.0,0.0
3.9,3,Extrapolation error,0.0,0.0,0.0,0.0,0.0,0.0,0.6422074417709699,0.0,0.0,0.0,0.0,0.0
3.10,3,Near-boundary failure coverage gap,0.0,0.0,0.0,0.0,0.0,0.0,-0.3309885916612271,0.0,0.0,0.0,0.0,0.0
5.1,5,Reward-penalty safety mechanism,0.0,0.0,0.0,0.0,0.0,0.0,0.0,-0.3311599958613519,0.0,0.0,0.0,0.0
5.2,5,Conservative policy objective,0.0,0.0,0.0,0.0,0.0,0.0,0.0,0.9531319775663374,0.0,0.0,0.0,0.0
5.3,5,Distributionally robust objective,0.0,0.0,0.0,0.0,0.0,0.0,0.0,1.0,0.0,0.0,0.0,0.0
5.4,5,Adaptive reward-function monitoring,0.0,0.0,0.0,0.0,0.0,0.0,0.0,-0.5365160586836306,0.0,0.0,0.0,0.0
5.5,5,Outcome-based reward vulnerability,0.0,0.0,0.0,0.0,0.0,0.0,0.0,-0.474663294361559,0.0,0.0,0.0,0.0
5.6,5,Imperfect reward signal,0.0,0.0,0.0,0.0,0.0,0.0,0.0,-0.6346710672699433,0.0,0.0,0.0,0.0
5.7,5,Reward-function ambiguity,0.0,0.0,0.0,0.0,0.0,0.0,0.0,0.023878438610147802,0.0,0.0,0.0,0.0
6.1,6,Continuous human-feedback fine-tuning,0.0,0.0,0.0,0.0,0.0,0.0,0.0,0.0,0.5012309076346887,0.0,0.0,0.0
6.2,6,RLHF/DPO continuous learning,0.0,0.0,0.0,0.0,0.0,0.0,0.0,0.0,-0.43876428155437286,0.0,0.0,0.0
6.3,6,Integrated fine-tuning-evaluation-deployment pipeline,0.0,0.0,0.0,0.0,0.0,0.0,0.0,0.0,0.3535890066957634,0.0,0.0,0.0
6.4,6,Immediate human error correction,0.0,0.0,0.0,0.0,0.0,0.0,0.0,0.0,0.5839443672239201,0.0,0.0,0.0
6.5,6,Capability-driven reward-hacking transition,0.0,0.0,0.0,0.0,0.0,0.0,0.0,0.0,-1.0,0.0,0.0,0.0
7.1,7,Managed RL deployment microservice,0.0,0.0,0.0,0.0,0.0,0.0,0.0,0.0,0.0,-0.4399160853801572,0.0,0.0
7.2,7,Shadow controller,0.0,0.0,0.0,0.0,0.0,0.0,0.0,0.0,0.0,0.7845636310318924,0.0,0.0
7.3,7,Sandboxed agent execution,0.0,0.0,0.0,0.0,0.0,0.0,0.0,0.0,0.0,0.40933930874819024,0.0,0.0
7.4,7,Least-privilege monitoring access logging,0.0,0.0,0.0,0.0,0.0,0.0,0.0,0.0,0.0,0.24601314560007673,0.0,0.0
7.5,7,Deployment infrastructure operational burden,0.0,0.0,0.0,0.0,0.0,0.0,0.0,0.0,0.0,-1.0,0.0,0.0
8.1,8,Managed distributed RL platform,0.0,0.0,0.0,0.0,0.0,0.0,0.0,0.0,0.0,0.0,-1.0,0.0
8.2,8,Distributed RL training,0.0,0.0,0.0,0.0,0.0,0.0,0.0,0.0,0.0,0.0,1.0,0.0
9.1,9,Rolling PEFT fine-tuning,0.0,0.0,0.0,0.0,0.0,0.0,0.0,0.0,0.0,0.0,0.0,1.0
10.1,10,Checkpoint-based agent recovery,0.0,-1.0,0.0,0.0,0.0,0.0,0.0,0.0,0.0,0.0,0.0,0.0
10.2,10,In-loop anomaly recovery,0.0,-0.8019430214753774,0.0,0.0,0.0,0.0,0.0,0.0,0.0,0.0,0.0,0.0
10.3,10,Automated circuit breaker,0.0,-0.037834759206203224,0.0,0.0,0.0,0.0,0.0,0.0,0.0,0.0,0.0,0.0
10.4,10,Deployment-time action constraints,0.0,0.5576576985428889,0.0,0.0,0.0,0.0,0.0,0.0,0.0,0.0,0.0,0.0
10.5,10,Human handover for unknown situations,0.0,0.8326193955944436,0.0,0.0,0.0,0.0,0.0,0.0,0.0,0.0,0.0,0.0
10.6,10,Unknown-situation rejection,0.0,0.9967289212610231,0.0,0.0,0.0,0.0,0.0,0.0,0.0,0.0,0.0,0.0
10.7,10,Safety-alert generation,0.0,0.5732877320494161,0.0,0.0,0.0,0.0,0.0,0.0,0.0,0.0,0.0,0.0
10.8,10,Manual-reset avoidance,0.0,-0.6862173947524118,0.0,0.0,0.0,0.0,0.0,0.0,0.0,0.0,0.0,0.0
10.9,10,Agent resilience in production,0.0,-0.4342985720137784,0.0,0.0,0.0,0.0,0.0,0.0,0.0,0.0,0.0,0.0
11.1,11,Automatic deployment autoscaling,0.0,0.0,1.0,0.0,0.0,0.0,0.0,0.0,0.0,0.0,0.0,0.0
12.1,12,Training-time constraint-budget enforcement,0.0,0.0,0.0,-0.7759064338660698,0.0,0.0,0.0,0.0,0.0,0.0,0.0,0.0
12.2,12,Simulator-bound safety testing,0.0,0.0,0.0,-0.6069246831316824,0.0,0.0,0.0,0.0,0.0,0.0,0.0,0.0
12.3,12,Worst-case uncertainty-set optimization,0.0,0.0,0.0,-0.4502142136657537,0.0,0.0,0.0,0.0,0.0,0.0,0.0,0.0
12.4,12,Cost-model validity,0.0,0.0,0.0,0.36371057428545206,0.0,0.0,0.0,0.0,0.0,0.0,0.0,0.0
12.5,12,Constraint-threshold validity,0.0,0.0,0.0,-0.024659024985415754,0.0,0.0,0.0,0.0,0.0,0.0,0.0,0.0
12.6,12,State-observation adequacy,0.0,0.0,0.0,1.0,0.0,0.0,0.0,0.0,0.0,0.0,0.0,0.0
12.7,12,Action-effect stability,0.0,0.0,0.0,0.8064869166666927,0.0,0.0,0.0,0.0,0.0,0.0,0.0,0.0
12.8,12,Policy-support divergence,0.0,0.0,0.0,-0.3124931353032247,0.0,0.0,0.0,0.0,0.0,0.0,0.0,0.0
13.1,13,Trip-wire vulnerabilities,0.0,0.0,0.0,0.0,-0.7639403829705402,0.0,0.0,0.0,0.0,0.0,0.0,0.0
13.2,13,Reward-hacking monitoring alerts,0.0,0.0,0.0,0.0,-0.6322414054515124,0.0,0.0,0.0,0.0,0.0,0.0,0.0
13.3,13,Evaluator-generator self-reference,0.0,0.0,0.0,0.0,1.0,0.0,0.0,0.0,0.0,0.0,0.0,0.0
13.4,13,Historical feedback visibility,0.0,0.0,0.0,0.0,0.7900964474156302,0.0,0.0,0.0,0.0,0.0,0.0,0.0
13.5,13,Game-environment tampering,0.0,0.0,0.0,0.0,-0.2761829198954182,0.0,0.0,0.0,0.0,0.0,0.0,0.0
13.6,13,Fine-tuning-process simulation,0.0,0.0,0.0,0.0,0.38603776474835494,0.0,0.0,0.0,0.0,0.0,0.0,0.0
13.7,13,Evaluation-aware behavior,0.0,0.0,0.0,0.0,0.7267207433941953,0.0,0.0,0.0,0.0,0.0,0.0,0.0
13.8,13,Capability-driven reward hacking,0.0,0.0,0.0,0.0,-0.6655802930967485,0.0,0.0,0.0,0.0,0.0,0.0,0.0
13.9,13,Proxy-reward monitoring blind spot,0.0,0.0,0.0,0.0,-0.3606814259916594,0.0,0.0,0.0,0.0,0.0,0.0,0.0
13.10,13,Local proxy-true-reward misalignment,0.0,0.0,0.0,0.0,-0.3798921935687799,0.0,0.0,0.0,0.0,0.0,0.0,0.0
13.11,13,Training-to-deployment hack generalization,0.0,0.0,0.0,0.0,-0.49258664133558255,0.0,0.0,0.0,0.0,0.0,0.0,0.0
13.12,13,Evaluator-oracle divergence,0.0,0.0,0.0,0.0,0.3165123266056976,0.0,0.0,0.0,0.0,0.0,0.0,0.0
13.13,13,Model-size evaluator sensitivity,0.0,0.0,0.0,0.0,0.05915100106095164,0.0,0.0,0.0,0.0,0.0,0.0,0.0
13.14,13,Evaluator-capability monitoring,0.0,0.0,0.0,0.0,0.18681280757619853,0.0,0.0,0.0,0.0,0.0,0.0,0.0
13.15,13,Evaluator-oracle score comparison,0.0,0.0,0.0,0.0,0.8495664697907918,0.0,0.0,0.0,0.0,0.0,0.0,0.0
13.16,13,Reward-hacking concealment,0.0,0.0,0.0,0.0,-0.743792298281583,0.0,0.0,0.0,0.0,0.0,0.0,0.0
