id,status,via,words,flags,removed_sections,http_status,url,fetched_from,retrieved_at,notes
s1,ok,archive,2294,,References,200,https://towardsdatascience.com/how-to-power-up-your-product-by-machine-learning-with-python-microservice-pt-1-de0f2b434bec,https://web.archive.org/web/20210620181043id_/https://towardsdatascience.com/how-to-power-up-your-product-by-machine-learning-with-python-microservice-pt-1-de0f2b434bec,2026-10-01T00:55:52+00:00,
s2,ok,archive,4089,,,200,https://towardsdatascience.com/architecting-a-machine-learning-pipeline-a847f094d1c7,https://web.archive.org/web/20210620174809id_/https://towardsdatascience.com/architecting-a-machine-learning-pipeline-a847f094d1c7,2026-10-01T00:56:00+00:00,
s3,ok,archive,624,,,200,https://medium.com/singular-distillation/some-thoughts-on-modularization-in-machine-learning-fc49f222a647,https://web.archive.org/web/20191124090916id_/https://medium.com/singular-distillation/some-thoughts-on-modularization-in-machine-learning-fc49f222a647,2026-10-01T00:56:06+00:00,
s4,ok,archive,5576,,,200,https://databricks.com/de/session_na20/productionizing-machine-learning-with-a-microservices-architecture,https://web.archive.org/web/20210620175837id_/https://databricks.com/de/session_na20/productionizing-machine-learning-with-a-microservices-architecture,2026-10-01T00:56:12+00:00,Presentation video: only the session page text is retrievable; the talk needs a transcript (manual step).
s5,ok,archive,2081,,,200,https://streamsql.io/blog/microservices-with-machine-learning-feature-store,https://web.archive.org/web/20210620180402id_/https://streamsql.io/blog/microservices-with-machine-learning-feature-store,2026-10-01T00:56:18+00:00,
s6,ok,archive,4601,,,200,https://cloud.google.com/architecture/mlops-continuous-delivery-and-automation-pipelines-in-machine-learning?hl=en,https://web.archive.org/web/20210620181802id_/https://cloud.google.com/architecture/mlops-continuous-delivery-and-automation-pipelines-in-machine-learning?hl=en,2026-10-01T00:56:24+00:00,
s7,ok,archive,775,,,200,https://towardsdatascience.com/composing-deep-learning-microservices-for-the-hybrid-internet-of-things-c6cb3cb23b0f,https://web.archive.org/web/20210620181928id_/https://towardsdatascience.com/composing-deep-learning-microservices-for-the-hybrid-internet-of-things-c6cb3cb23b0f,2026-10-01T00:56:31+00:00,
s8,ok,override,646,,,200,https://github.com/ThoughtWorksInc/cd4ml-workshop/blob/master/Strata-london-2019-slides.pdf,https://github.com/ThoughtWorksInc/cd4ml-workshop/raw/master/Strata-london-2019-slides.pdf,2026-10-01T00:56:42+00:00,Slides PDF: archived link is a GitHub blob page; fetch the raw PDF instead.
s9,ok,archive,2845,,,200,https://medium.com/louis-dorard/architecture-of-a-real-world-machine-learning-system-795254bec646,https://web.archive.org/web/20210620182042id_/https://medium.com/louis-dorard/architecture-of-a-real-world-machine-learning-system-795254bec646,2026-10-01T00:56:50+00:00,
s10,ok,archive,2546,,,200,https://medium.com/airbnb-engineering/architecting-a-machine-learning-system-for-risk-941abbba5a60,https://web.archive.org/web/20210620182123id_/https://medium.com/airbnb-engineering/architecting-a-machine-learning-system-for-risk-941abbba5a60,2026-10-01T00:56:56+00:00,
s11,ok,archive,2293,,,200,https://medium.com/value-stream-design/architecting-a-scalable-real-time-learning-system-95623d27dd15,https://web.archive.org/web/20210620182155id_/https://medium.com/value-stream-design/architecting-a-scalable-real-time-learning-system-95623d27dd15,2026-10-01T00:57:03+00:00,
s12,ok,archive,2367,,See Also:,200,https://netflixtechblog.com/system-architectures-for-personalization-and-recommendation-e081aa94b5d8,https://web.archive.org/web/20210620182230id_/https://netflixtechblog.com/system-architectures-for-personalization-and-recommendation-e081aa94b5d8,2026-10-01T00:57:10+00:00,
s13,ok,archive,3069,,,200,https://developer.ibm.com/technologies/artificial-intelligence/articles/architectural-thinking-in-the-wild-west-of-data-science/,https://web.archive.org/web/20210620182359id_/https://developer.ibm.com/technologies/artificial-intelligence/articles/architectural-thinking-in-the-wild-west-of-data-science/,2026-10-01T00:57:16+00:00,
s14,ok,archive,456,,,200,https://www.datarevenue.com/en-blog/machine-learning-project-architecture,https://web.archive.org/web/20210620182500id_/https://www.datarevenue.com/en-blog/machine-learning-project-architecture,2026-10-01T00:57:21+00:00,
s15,ok,archive,1777,,,200,https://www.innoarchitech.com/blog/scalable-software-big-data-analytics-architecture-architectural-design-patterns,https://web.archive.org/web/20210620182508id_/https://www.innoarchitech.com/blog/scalable-software-big-data-analytics-architecture-architectural-design-patterns,2026-10-01T00:57:28+00:00,
s16,ok,archive,1782,,,200,https://blog.dominodatalab.com/machine-learning-in-production-software-architecture/,https://web.archive.org/web/20210620182559id_/https://blog.dominodatalab.com/machine-learning-in-production-software-architecture/,2026-10-01T00:57:34+00:00,
s17,ok,archive,1635,,,200,https://www.ibm.com/cloud/learn/automl,https://web.archive.org/web/20210620182603id_/https://www.ibm.com/cloud/learn/automl,2026-10-01T00:57:40+00:00,
s18,ok,archive,1382,,,200,https://towardsdatascience.com/automl-is-overhyped-1b5511ded65f,https://web.archive.org/web/20210620182644id_/https://towardsdatascience.com/automl-is-overhyped-1b5511ded65f,2026-10-01T00:57:49+00:00,
s19,ok,archive,4768,,Further reading,200,https://ml-ops.org/content/three-levels-of-ml-software,https://web.archive.org/web/20210620182709id_/https://ml-ops.org/content/three-levels-of-ml-software,2026-10-01T00:57:56+00:00,
s20,ok,archive,2948,,,200,https://www.altexsoft.com/blog/mlops-methods-tools/,https://web.archive.org/web/20210620182838id_/https://www.altexsoft.com/blog/mlops-methods-tools/,2026-10-01T00:58:03+00:00,
s21,ok,archive,4770,,References,200,https://neptune.ai/blog/mlops-what-it-is-why-it-matters-and-how-to-implement-it-from-a-data-scientist-perspective,https://web.archive.org/web/20210620182841id_/https://neptune.ai/blog/mlops-what-it-is-why-it-matters-and-how-to-implement-it-from-a-data-scientist-perspective,2026-10-01T00:58:09+00:00,
s22,ok,archive,4808,,,200,https://ml-ops.org/content/mlops-principles,https://web.archive.org/web/20210620182858id_/https://ml-ops.org/content/mlops-principles,2026-10-01T00:59:16+00:00,
s23,ok,archive,2512,,,200,https://towardsdatascience.com/machine-learning-monitoring-what-it-is-and-what-we-are-missing-e644268023ba,https://web.archive.org/web/20210623204732id_/https://towardsdatascience.com/machine-learning-monitoring-what-it-is-and-what-we-are-missing-e644268023ba,2026-10-01T00:59:25+00:00,
s24,ok,archive,2611,,References,200,https://aws.amazon.com/de/blogs/machine-learning/automated-monitoring-of-your-machine-learning-models-with-amazon-sagemaker-model-monitor-and-sending-predictions-to-human-review-workflows-using-amazon-a2i/,https://web.archive.org/web/20210623204902id_/https://aws.amazon.com/de/blogs/machine-learning/automated-monitoring-of-your-machine-learning-models-with-amazon-sagemaker-model-monitor-and-sending-predictions-to-human-review-workflows-using-amazon-a2i/,2026-10-01T00:59:31+00:00,
s25,ok,archive,2096,,,200,https://docs.microsoft.com/en-us/azure/machine-learning/concept-model-management-and-deployment,https://web.archive.org/web/20210623204943id_/https://docs.microsoft.com/en-us/azure/machine-learning/concept-model-management-and-deployment,2026-10-01T00:59:38+00:00,
s26,ok,archive,1023,,,200,https://betterprogramming.pub/pros-and-cons-for-jupyter-notebooks-as-your-editor-for-data-science-work-tip-pycharm-is-probably-40e88f7827cb,https://web.archive.org/web/20210623205121id_/https://betterprogramming.pub/pros-and-cons-for-jupyter-notebooks-as-your-editor-for-data-science-work-tip-pycharm-is-probably-40e88f7827cb,2026-10-01T00:59:50+00:00,
s27,ok,archive,829,,,200,https://hub.packtpub.com/10-reasons-data-scientists-love-jupyter-notebooks/,https://web.archive.org/web/20210623205221id_/https://hub.packtpub.com/10-reasons-data-scientists-love-jupyter-notebooks/,2026-10-01T00:59:56+00:00,
s28,ok,archive,674,,,200,https://towardsdatascience.com/5-reasons-why-jupyter-notebooks-suck-4dc201e27086,https://web.archive.org/web/20210623205451id_/https://towardsdatascience.com/5-reasons-why-jupyter-notebooks-suck-4dc201e27086,2026-10-01T01:00:05+00:00,
s29,ok,archive,2378,,,200,https://medium.com/skyline-ai/jupyter-notebook-is-the-cancer-of-ml-engineering-70b98685ee71,https://web.archive.org/web/20210623205446id_/https://medium.com/skyline-ai/jupyter-notebook-is-the-cancer-of-ml-engineering-70b98685ee71,2026-10-01T01:00:11+00:00,
