value_id,dimension_id,label,dim_1_Repository_Replica_Placement,dim_2_Write_Coordination_and_Replica_Consistency,dim_3_Replica_Failure_Repair_and_Failover,dim_4_Client_Repository_Workload_Scaling,dim_5_Git_Hosting_and_Acceleration_Integration
1.1,1,Multi-server repository replication,-0.6248712452216759,0.0,0.0,0.0,0.0
1.2,1,Unsynchronized packfile distribution,-0.07033780788615183,0.0,0.0,0.0,0.0
1.3,1,Multi-disk repository placement,-0.9375402500596465,0.0,0.0,0.0,0.0
1.4,1,Multi-machine repository placement,-0.8816452135956904,0.0,0.0,0.0,0.0
1.5,1,HTTP daemon over on-disk repository,-0.968381941077544,0.0,0.0,0.0,0.0
1.6,1,Three-replica repository placement,-0.26361256262797605,0.0,0.0,0.0,0.0
1.7,1,Replica trimming for lightly used repositories,0.4512429215327233,0.0,0.0,0.0,0.0
1.8,1,DRBD filesystem block replication,0.0714230789019315,0.0,0.0,0.0,0.0
1.9,1,Multi-rack repository replication,-0.4009543919686927,0.0,0.0,0.0,0.0
1.10,1,On-disk repository source of truth,-0.3423258924003607,0.0,0.0,0.0,0.0
1.11,1,Fully synchronized replica state,0.7607092027665509,0.0,0.0,0.0,0.0
1.12,1,Durable highly available repository access,-0.6139795489729872,0.0,0.0,0.0,0.0
1.13,1,Packfile-centered scalability ceiling,-0.028261224219985635,0.0,0.0,0.0,0.0
1.14,1,Replica-count scalability ceiling,0.8027920549076334,0.0,0.0,0.0,0.0
1.15,1,Monorepo capacity shortfall,0.6665641087477004,0.0,0.0,0.0,0.0
1.16,1,Full replica-state checksum overhead,0.8023519222033211,0.0,0.0,0.0,0.0
1.17,1,Replica-count floor-ceiling mismatch,0.5439805878866167,0.0,0.0,0.0,0.0
1.18,1,Linear read scaling,0.4422497506984869,0.0,0.0,0.0,0.0
1.19,1,Replica-consistency complexity cost,1.0,0.0,0.0,0.0,0.0
1.20,1,Distributed-model hosting burden,-0.40940354961424985,0.0,0.0,0.0,0.0
2.1,2,S3-compatible write-ahead log,0.0,-0.15532852773719427,0.0,0.0,0.0
2.2,2,Durability-before-acknowledgment,0.0,-0.6764479607796964,0.0,0.0,0.0
2.3,2,Reference-transaction publication gate,0.0,-0.12161705588369837,0.0,0.0,0.0
2.4,2,Single-object write per push,0.0,-0.09378056368768065,0.0,0.0,0.0
2.5,2,Batched WAL persistence,0.0,0.0023131913286177047,0.0,0.0,0.0
2.6,2,Local NVMe Git repository,0.0,0.5852142758576439,0.0,0.0,0.0
2.7,2,Orchestrated push fan-out,0.0,0.4922652525485929,0.0,0.0,0.0
2.8,2,Three-phase reference commit,0.0,0.14394172845231,0.0,0.0,0.0
2.9,2,Prepared reference locking,0.0,-0.35332289415005863,0.0,0.0,0.0
2.10,2,Majority-based write acceptance,0.0,-0.8876951503002394,0.0,0.0,0.0
2.11,2,Per-write voting protocol,0.0,-0.8371042444994551,0.0,0.0,0.0
2.12,2,Replica rollback for failed quorum,0.0,-0.32400035092610213,0.0,0.0,0.0
2.13,2,Single-primary write ordering,0.0,-1.0,0.0,0.0,0.0
2.14,2,Majority-based exclusive write locking,0.0,-0.6919981142612726,0.0,0.0,0.0
2.15,2,Minimum two-replica write commitment,0.0,-0.6259831154032568,0.0,0.0,0.0
2.16,2,Consistency-first write admission,0.0,-0.6216695500115044,0.0,0.0,0.0
2.17,2,Per-update latency budget,0.0,0.276503052697154,0.0,0.0,0.0
2.18,2,Read-preserving write-path optimization,0.0,0.10060637626734774,0.0,0.0,0.0
2.19,2,WAL-first storage architecture,0.0,-0.19115959490297263,0.0,0.0,0.0
2.20,2,Replicated compaction output,0.0,0.7322049200641106,0.0,0.0,0.0
2.21,2,S3 Express One Zone WAL storage,0.0,-0.046218060795420554,0.0,0.0,0.0
2.22,2,Replica-wide write-order serialization,0.0,-0.5567690684323855,0.0,0.0,0.0
2.23,2,Concurrent-write elimination,0.0,-0.8223108938020277,0.0,0.0,0.0
2.24,2,Cross-region replica coordination,0.0,0.09976498633892025,0.0,0.0,0.0
2.25,2,Fully consistent replica synchronization,0.0,0.33586360488452804,0.0,0.0,0.0
2.26,2,Eventually consistent repository views,0.0,0.3871581611937788,0.0,0.0,0.0
2.27,2,Packfile-level replication,0.0,0.867301539395405,0.0,0.0,0.0
2.28,2,Git-level distribution,0.0,0.7953572551048893,0.0,0.0,0.0
2.29,2,Distributed object-level Git storage,0.0,0.670687473351841,0.0,0.0,0.0
2.30,2,Primary-only repository compaction,0.0,0.5269184868698029,0.0,0.0,0.0
2.31,2,Replica-local repository repacking,0.0,0.8388506582155641,0.0,0.0,0.0
2.32,2,WAL-propagated compaction events,0.0,0.16276596232742155,0.0,0.0,0.0
2.33,2,Incremental geometric repository compaction,0.0,0.7484198566454752,0.0,0.0,0.0
2.34,2,Periodic repository compaction,0.0,0.7926310683742137,0.0,0.0,0.0
2.35,2,Linearizable push ordering,0.0,-0.27331160380850084,0.0,0.0,0.0
2.36,2,Four-round-trip coordination cost,0.0,0.15004998226916744,0.0,0.0,0.0
2.37,2,Write unavailability during insufficient replication,0.0,-0.47573330729011837,0.0,0.0,0.0
2.38,2,Protection against permanent data loss,0.0,-0.3644462190898282,0.0,0.0,0.0
2.39,2,Reference-update amplification,0.0,0.29173762981938883,0.0,0.0,0.0
2.40,2,Replica-latency update-rate constraint,0.0,0.016588952413543207,0.0,0.0,0.0
2.41,2,Concurrent replica maintenance availability risk,0.0,0.10175186134169298,0.0,0.0,0.0
3.1,3,Rolling reboot testing,0.0,0.0,-0.8008481430801083,0.0,0.0
3.2,3,Chaos-monkey server testing,0.0,0.0,-0.906484557897623,0.0,0.0
3.3,3,Pre-reboot server quiescence,0.0,0.0,-0.5310776228666695,0.0,0.0
3.4,3,Immediate server reboot,0.0,0.0,-0.392840677143626,0.0,0.0
3.5,3,Rack-level maintenance sequencing,0.0,0.0,-0.22754674469211006,0.0,0.0
3.6,3,Bounded concurrent reboots,0.0,0.0,-0.7211582467814099,0.0,0.0
3.7,3,Continued write replication during quiescence,0.0,0.0,0.050826005826936645,0.0,0.0
3.8,3,Failure-handling reuse for maintenance,0.0,0.0,-0.6217602927637881,0.0,0.0
3.9,3,Unplanned server unplugging,0.0,0.0,-1.0,0.0,0.0
3.10,3,Unhealthy-replica isolation,0.0,0.0,0.572367321951012,0.0,0.0
3.11,3,Automatic replica repair,0.0,0.0,0.6511536884472526,0.0,0.0
3.12,3,Periodic replica-count reconciliation,0.0,0.0,0.9379056098739255,0.0,0.0
3.13,3,N-to-N replica reconstruction,0.0,0.0,0.8417260602948672,0.0,0.0
3.14,3,Operation-failure-based primary failure detection,0.0,0.0,0.5179491283093853,0.0,0.0
3.15,3,Supplemental heartbeat recovery signals,0.0,0.0,-0.17607593600637866,0.0,0.0
3.16,3,Heartbeat-based primary failure detection,0.0,0.0,0.17262102672650023,0.0,0.0
3.17,3,Ordered multi-replica failover,0.0,0.0,0.6901003261505149,0.0,0.0
3.18,3,Advisory replica demotion,0.0,0.0,0.6833340838115011,0.0,0.0
3.19,3,Per-application-server failure views,0.0,0.0,-0.908816763888276,0.0,0.0
3.20,3,MxN failure-detection model,0.0,0.0,-0.7074822406496226,0.0,0.0
3.21,3,RPC failover monitoring,0.0,0.0,0.2696732910453545,0.0,0.0
3.22,3,Per-application-server failure detection,0.0,0.0,-0.8842424436134079,0.0,0.0
3.23,3,Combined heartbeat and real-traffic detection,0.0,0.0,-0.30300323665120316,0.0,0.0
3.24,3,Consecutive request-failure quarantine threshold,0.0,0.0,-0.6911275232726551,0.0,0.0
3.25,3,Single-replica read routing,0.0,0.0,0.7515657424227371,0.0,0.0
3.26,3,Co-located object-cache proxy routing,0.0,0.0,0.7183202635726934,0.0,0.0
3.27,3,Arbitrary replica read scale-out,0.0,0.0,0.8818858158565659,0.0,0.0
3.28,3,Failure-aware request routing,0.0,0.0,0.07471530030199953,0.0,0.0
3.29,3,Incremental replica-state checksum verification,0.0,0.0,0.8267792807501962,0.0,0.0
3.30,3,External repository-machine routing database,0.0,0.0,0.7360795587953796,0.0,0.0
3.31,3,Pet-style repository operations,0.0,0.0,0.726000976909745,0.0,0.0
3.32,3,Two-copy failure degradation,0.0,0.0,-0.2543390934001846,0.0,0.0
3.33,3,Lost clone progress after shutdown,0.0,0.0,-0.027762805238334895,0.0,0.0
3.34,3,Localized application-server failure impact,0.0,0.0,-0.8799649968766187,0.0,0.0
3.35,3,RPC-failover graph fault visibility,0.0,0.0,-0.33152913988471056,0.0,0.0
3.36,3,False offline marking of healthy replicas,0.0,0.0,0.26305698366015834,0.0,0.0
4.1,4,Compressed Git index,0.0,0.0,0.0,-0.4713966533243187,0.0
4.2,4,Hourly background fetches,0.0,0.0,0.0,0.8458197787324347,0.0
4.3,4,Automatic commit-graph and multi-pack maintenance,0.0,0.0,0.0,0.05309192607350653,0.0
4.4,4,Built-in file system monitor,0.0,0.0,0.0,0.05395758582465001,0.0
4.5,4,Partial clone,0.0,0.0,0.0,-0.4359927796722609,0.0
4.6,4,Sparse checkout,0.0,0.0,0.0,-0.4522003126142949,0.0
4.7,4,Source repository placement under /src,0.0,0.0,0.0,0.011785976787479318,0.0
4.8,4,Single-pack-file repacking,0.0,0.0,0.0,-0.9035787823999355,0.0
4.9,4,Loose-object and delta-packed maintenance,0.0,0.0,0.0,-0.8573333361266314,0.0
4.10,4,Central-server on-demand object retrieval,0.0,0.0,0.0,0.26433640615077714,0.0
4.11,4,GVFS object-transfer protocol,0.0,0.0,0.0,-0.25396594473224143,0.0
4.12,4,Hidden-reference background fetch,0.0,0.0,0.0,0.6768133340972056,0.0
4.13,4,Background repository maintenance,0.0,0.0,0.0,0.9254484558240339,0.0
4.14,4,Incremental repository maintenance,0.0,0.0,0.0,0.10706243218294147,0.0
4.15,4,Foreground automatic garbage collection,0.0,0.0,0.0,0.4940422079980803,0.0
4.16,4,Full repository rewrite garbage collection,0.0,0.0,0.0,-0.3281784803595425,0.0
4.17,4,Disabled automatic garbage collection,0.0,0.0,0.0,0.10663181345708377,0.0
4.18,4,DAG-dependent repository traversal,0.0,0.0,0.0,0.23913891043739025,0.0
4.19,4,Git-aware filesystem watcher,0.0,0.0,0.0,0.36711868792936586,0.0
4.20,4,Watchman-based filesystem watcher,0.0,0.0,0.0,0.3802719913900511,0.0
4.21,4,Background garbage-collection delegation,0.0,0.0,0.0,0.565325634111507,0.0
4.22,4,Suppressed ahead-behind status calculation,0.0,0.0,0.0,0.4107743857404039,0.0
4.23,4,Virtualized filesystem population,0.0,0.0,0.0,-0.4797583864311993,0.0
4.24,4,Foreground maintenance execution,0.0,0.0,0.0,0.7689273020551045,0.0
4.25,4,Combined repository maintenance command,0.0,0.0,0.0,0.11583412213079346,0.0
4.26,4,Pack-index accumulation overhead,0.0,0.0,0.0,-0.6469082459429042,0.0
4.27,4,Loose-object storage overhead,0.0,0.0,0.0,-0.8262340954448387,0.0
4.28,4,Foreground-fetch commit-graph overhead,0.0,0.0,0.0,0.6310455005095672,0.0
4.29,4,Commit-graph performance benefit,0.0,0.0,0.0,0.1466434845324654,0.0
4.30,4,Pack-count and storage reduction,0.0,0.0,0.0,-1.0,0.0
4.31,4,High populated-file processing cost,0.0,0.0,0.0,-0.39062589899673444,0.0
4.32,4,Interactive command blocking,0.0,0.0,0.0,0.7946985073335537,0.0
4.33,4,System-wide resource exhaustion,0.0,0.0,0.0,0.1797825539461448,0.0
4.34,4,Client-compatible clone efficiency,0.0,0.0,0.0,-0.14587397606442487,0.0
4.35,4,Distributed-store traversal round trips,0.0,0.0,0.0,0.11628141886471598,0.0
4.36,4,Poor clone performance,0.0,0.0,0.0,-0.5956781608336822,0.0
4.37,4,Git on-disk compaction bottleneck,0.0,0.0,0.0,-0.36473465893616197,0.0
4.38,4,Externalized build output,0.0,0.0,0.0,-0.10237270423008867,0.0
5.1,5,Explicit repository registration,0.0,0.0,0.0,0.0,0.02896634294095906
5.2,5,Local Git configuration setup,0.0,0.0,0.0,0.0,-0.524085906334398
5.3,5,User-controlled maintenance suspension,0.0,0.0,0.0,0.0,0.602248442849932
5.4,5,Custom Git client dependency,0.0,0.0,0.0,0.0,-0.5846927835636493
5.5,5,Upstream contribution to core Git,0.0,0.0,0.0,0.0,-0.7087154897805172
5.6,5,Service-independent acceleration,0.0,0.0,0.0,0.0,0.46183007626610945
5.7,5,Internal-to-customer platform reuse,0.0,0.0,0.0,0.0,0.9618095173115007
5.8,5,Painless migration path,0.0,0.0,0.0,0.0,0.3861641317650946
5.9,5,Continuous infrastructure evolution,0.0,0.0,0.0,0.0,0.396344152157136
5.10,5,"Reliability-, performance-, and scale-oriented hosting platform",0.0,0.0,0.0,0.0,0.7567604843036492
5.11,5,Proven engineering and operational philosophy,0.0,0.0,0.0,0.0,0.9105458669615619
5.12,5,GVFS protocol support in Scalar,0.0,0.0,0.0,0.0,-0.7984792768636553
5.13,5,Automatic Git performance configuration,0.0,0.0,0.0,0.0,-0.489030692331861
5.14,5,Forked Git implementation,0.0,0.0,0.0,0.0,-0.8032432542547163
5.15,5,Reduced Scalar scope,0.0,0.0,0.0,0.0,-0.8815067894947098
5.16,5,Scalar interim performance layer,0.0,0.0,0.0,0.0,-0.7624772753846938
5.17,5,Core Git eventual performance path,0.0,0.0,0.0,0.0,-1.0
5.18,5,Git feature contributions replacing management layers,0.0,0.0,0.0,0.0,-0.6653612589315665
5.19,5,Native Git repository integration,0.0,0.0,0.0,0.0,-0.653001594570167
5.20,5,Decentralized repository workflow,0.0,0.0,0.0,0.0,0.2624176875530773
5.21,5,Offline development capability,0.0,0.0,0.0,0.0,0.4743764531475041
5.22,5,Delayed push capability,0.0,0.0,0.0,0.0,0.4989950081515308
5.23,5,Packfile-based Git network transfer,0.0,0.0,0.0,0.0,-0.7191239013648555
5.24,5,Distributed Git hosting architecture,0.0,0.0,0.0,0.0,-0.19175505091615633
5.25,5,Centralized Git hosting architecture,0.0,0.0,0.0,0.0,-0.09458763397815832
5.26,5,Separate fetch-objects service endpoint,0.0,0.0,0.0,0.0,0.2161303313877749
5.27,5,Co-located GVFS cache infrastructure,0.0,0.0,0.0,0.0,0.31067206746027437
5.28,5,Git protocol without GVFS cache infrastructure,0.0,0.0,0.0,0.0,-0.5829344169975431
5.29,5,GVFS without cache infrastructure,0.0,0.0,0.0,0.0,0.02942829658850987
5.30,5,Network-filesystem repository hosting,0.0,0.0,0.0,0.0,0.6273773083818884
5.31,5,Background repository configuration updates,0.0,0.0,0.0,0.0,0.344126716490095
5.32,5,Rails monolith with co-located repositories,0.0,0.0,0.0,0.0,0.5135666246572616
5.33,5,Horizontal application-instance scaling,0.0,0.0,0.0,0.0,0.7633180753642737
5.34,5,Filesystem-level repository distribution,0.0,0.0,0.0,0.0,-0.08026829034578394
5.35,5,Packfile-level repository distribution,0.0,0.0,0.0,0.0,-0.011157177282963934
5.36,5,Git-level repository access redesign,0.0,0.0,0.0,0.0,-0.43869140927022765
5.37,5,JGit repository abstraction for distributed storage,0.0,0.0,0.0,0.0,-0.6093653487929068
5.38,5,Commit-graph maintenance latency,0.0,0.0,0.0,0.0,0.24986409037182328
5.39,5,Agent-driven repository workload growth,0.0,0.0,0.0,0.0,0.5594765202005255
5.40,5,Repository availability dependency,0.0,0.0,0.0,0.0,0.7371832853337151
5.41,5,High cost of CI downtime,0.0,0.0,0.0,0.0,0.9683072204780979
5.42,5,Network-filesystem semantic incompatibility,0.0,0.0,0.0,0.0,-0.46143114966376875
