dimension,question,value_id,value,status,kind,reason,human
Replica Commit Coordination,Which coordination mechanism orders and publishes updates across repository replicas?,25.1,"Three-phase commit: Coordinates replica capability checks, tentative commit, and rollback for deterministic reference-update transactions.",accepted,option,Three-phase commit is an alternative protocol for coordinating replica update commitment.,
Replica Commit Coordination,Which coordination mechanism orders and publishes updates across repository replicas?,25.4,Git reference transaction locking: Locks and verifies references until a distributed transaction commits or aborts.,accepted,option,Reference transaction locking is an alternative mechanism for coordinating distributed commits.,
Replica Commit Coordination,Which coordination mechanism orders and publishes updates across repository replicas?,25.5,Global push linearization: Orders all pushes into one deterministic operation history for repository consistency.,accepted,option,Global push linearization is an alternative mechanism for ordering repository updates.,
Replica Commit Coordination,Which coordination mechanism orders and publishes updates across repository replicas?,25.6,Per-write voting protocol: Each write independently determines its winning order and commitment outcome.,mixed,option,Per-write voting is an alternative coordination protocol for determining update order and commitment.,
Replica Commit Coordination,Which coordination mechanism orders and publishes updates across repository replicas?,25.7,"Overlapped coordinator work during network waits: The coordinator performs locking, checksumming, and reads concurrently with network operations.",outcome,other_question,Overlapping coordinator work addresses execution concurrency during waits rather than update ordering or publication.,
Replica Commit Coordination,Which coordination mechanism orders and publishes updates across repository replicas?,25.8,Consensus-free repository primaries: Allows any server to receive updates instead of using elections or fixed primary ownership.,accepted,other_question,Consensus-free primaries addresses server leadership and update-ingress topology rather than the coordination protocol.,
Replica Commit Coordination,Which coordination mechanism orders and publishes updates across repository replicas?,25.9,Single-local-repository reference synchronization: Reference transactions synchronize with one local repository instead of a replica quorum.,accepted,other_question,Single-local-repository synchronization addresses coordination scope and quorum participation rather than the ordering mechanism.,
Replica Write Commitment Policy,"When should a replicated write be acknowledged or committed, and what should happen if the required replica durability or consistency cannot be achieved?",26.1,Reduced update-cascade request delay: Reducing user-request delay during large bookkeeping reference-update cascades.,outcome,effect,"It describes reduced request delay resulting from a design, not a commitment-policy choice.",
Replica Write Commitment Policy,"When should a replicated write be acknowledged or committed, and what should happen if the required replica durability or consistency cannot be achieved?",26.2,High-latency reference-update constraint: Limiting reference-update throughput because distant replica coordination incurs high latency.,outcome,effect,It describes a throughput consequence of distant-replica coordination.,
Replica Write Commitment Policy,"When should a replicated write be acknowledged or committed, and what should happen if the required replica durability or consistency cannot be achieved?",26.3,Internal reference-update amplification: Generating many bookkeeping reference updates from one user push or pull-request workflow.,outcome,fact,It describes workflow-generated update amplification rather than a policy choice.,
Replica Write Commitment Policy,"When should a replicated write be acknowledged or committed, and what should happen if the required replica durability or consistency cannot be achieved?",26.4,Reference-update latency budget: Restricting each reference update to a few hundred milliseconds to sustain repository throughput.,outcome,goal,It states a desired latency constraint for reference updates.,
Replica Write Commitment Policy,"When should a replicated write be acknowledged or committed, and what should happen if the required replica durability or consistency cannot be achieved?",26.5,Availability-durability separation: Serving requests and preserving accepted writes are treated as distinct resilience properties.,outcome,goal,It expresses a resilience objective separating availability from durability.,
Replica Write Commitment Policy,"When should a replicated write be acknowledged or committed, and what should happen if the required replica durability or consistency cannot be achieved?",26.6,"Slowest-replica latency bound: Each coordination step waits for the slowest participating replica, limiting transaction performance as replica groups grow.",outcome,effect,It describes the performance impact of waiting for the slowest replica.,
Replica Write Commitment Policy,"When should a replicated write be acknowledged or committed, and what should happen if the required replica durability or consistency cannot be achieved?",26.7,Minority-write rollback: Writes lacking majority agreement are reverted on replicas where they were applied.,accepted,option,Rolling back writes without majority agreement is an alternative commitment behavior.,
Replica Write Commitment Policy,"When should a replicated write be acknowledged or committed, and what should happen if the required replica durability or consistency cannot be achieved?",26.8,Consistency and partition-tolerance priority: Replication preserves consistency and partition tolerance even when unrestricted availability is sacrificed.,accepted,option,Prioritizing consistency and partition tolerance over availability is a selectable policy.,
Replica Write Commitment Policy,"When should a replicated write be acknowledged or committed, and what should happen if the required replica durability or consistency cannot be achieved?",26.9,Insufficient-replication write refusal: Writes are refused when the minimum number of durable copies cannot be created.,accepted,option,Refusing writes without enough durable copies is an alternative acceptance policy.,
Replica Write Commitment Policy,"When should a replicated write be acknowledged or committed, and what should happen if the required replica durability or consistency cannot be achieved?",26.10,Durability-before-write-availability policy: Write availability is sacrificed to prevent permanent data loss.,accepted,option,Sacrificing write availability for durability is a selectable commitment policy.,
Replica Write Commitment Policy,"When should a replicated write be acknowledged or committed, and what should happen if the required replica durability or consistency cannot be achieved?",26.11,"Majority-based write commitment: Committing writes after a replica majority, with at least two replicas producing the same state.",accepted,option,Requiring a replica majority before commit is an alternative commitment threshold.,
Replica Write Commitment Policy,"When should a replicated write be acknowledged or committed, and what should happen if the required replica durability or consistency cannot be achieved?",26.12,Fully consistent replica synchronization: Keeps replicated Git data synchronized so clients and CI can immediately read newly pushed commits.,accepted,option,Requiring fully synchronized replicas before clients read commits is a strong consistency policy.,
Replica Write Commitment Policy,"When should a replicated write be acknowledged or committed, and what should happen if the required replica durability or consistency cannot be achieved?",26.13,Non-voting geo-replication replicas: Keeping geographically replicated hosts out of write-voting quorums so writes survive their temporary unavailability.,accepted,other_question,"Choosing non-voting geographic replicas concerns quorum membership, not directly the write commitment rule.",
Replica Write Commitment Policy,"When should a replicated write be acknowledged or committed, and what should happen if the required replica durability or consistency cannot be achieved?",26.14,Push acknowledgment after WAL persistence: Acknowledges pushes only after their complete operation is durable in the authoritative log.,accepted,option,Acknowledging only after authoritative-log durability defines when a write is accepted.,
Replica Write Commitment Policy,"When should a replicated write be acknowledged or committed, and what should happen if the required replica durability or consistency cannot be achieved?",26.15,Eventually consistent repository replicas: Allows replicas to expose newly pushed repository data only after propagation completes.,mixed,other_question,Delaying replica visibility until propagation completes concerns read visibility and replication lag semantics.,
Repository Replication Mechanism,Which mechanism is used to distribute repository data and updates among replica servers?,17.1,Application-level repository replication: Applying repository replication in an application-level system rather than filesystem replication.,accepted,option,It specifies application-level replication as an alternative to filesystem-level replication.,
Repository Replication Mechanism,Which mechanism is used to distribute repository data and updates among replica servers?,17.2,Git-and-rsync replication mechanisms: Combining Git and rsync mechanisms to replicate repository content.,accepted,option,It proposes combining Git and rsync as the replication mechanism.,
Repository Replication Mechanism,Which mechanism is used to distribute repository data and updates among replica servers?,17.3,Orchestrated packfile fan-out: Distributes pushed packfiles to every repository instance before references are published.,accepted,option,It specifies orchestrated fan-out of packfiles before reference publication.,
Repository Replication Mechanism,Which mechanism is used to distribute repository data and updates among replica servers?,17.4,"Unsynchronized packfile distribution: Fans out unreachable packfiles without consensus, relying on later synchronized reference commitment.",accepted,option,It specifies unsynchronized fan-out of packfiles followed by synchronized reference commitment.,
Repository Replication Mechanism,Which mechanism is used to distribute repository data and updates among replica servers?,17.5,Packfile-level replication: Replicates Git data as packfiles while leaving Git operations standard on each repository replica.,mixed,option,It proposes packfile-level replication while retaining standard Git operations on replicas.,
Repository Replication Mechanism,Which mechanism is used to distribute repository data and updates among replica servers?,17.7,Optimistic UDP gossip replication: Replicas exchange catch-up metadata through lossy gossip while authoritative reads verify state independently.,accepted,option,It proposes optimistic UDP gossip for replica catch-up and metadata exchange.,
Repository Replication Mechanism,Which mechanism is used to distribute repository data and updates among replica servers?,17.8,Direct S3 replica catch-up: Replicas retrieve WAL indexes and data directly from object storage rather than transferring state replica-to-replica.,accepted,option,It proposes direct replica catch-up from S3 object storage.,
Repository Replication Mechanism,Which mechanism is used to distribute repository data and updates among replica servers?,17.10,S3 distribution of compacted packs: Replicas download already-compacted packs from object storage instead of performing local repacking.,accepted,option,It proposes distributing compacted packs through object storage.,
Repository Replication Mechanism,Which mechanism is used to distribute repository data and updates among replica servers?,17.11,Repository-consistency complexity cost: Incurs substantial operational complexity to keep repository copies fully synchronized.,outcome,effect,It describes the operational complexity resulting from maintaining synchronized repository copies.,
Repository Replication Mechanism,Which mechanism is used to distribute repository data and updates among replica servers?,17.12,Linear read scaling across replicas: Adding replicas increases read-serving capacity approximately linearly without reducing push throughput.,outcome,effect,It describes a read-scaling outcome of adding repository replicas.,
Repository Replication Mechanism,Which mechanism is used to distribute repository data and updates among replica servers?,17.13,Consensus-based repository replication: Uses consensus coordination to keep multiple repository copies consistent during pushes.,accepted,option,It proposes consensus coordination as the replication mechanism.,
Repository Replication Mechanism,Which mechanism is used to distribute repository data and updates among replica servers?,17.14,Block-level filesystem replication: Replicating repository storage at filesystem or block level.,rejected,option,It is a rejected alternative that replicates repository storage at filesystem or block level.,
Repository Replication Mechanism,Which mechanism is used to distribute repository data and updates among replica servers?,17.15,Distributed identical repository instances: Hosting servers and developer machines retain the same distributed repository model.,accepted,other_question,"It addresses whether servers and developer machines use an identical distributed repository model, not how replication occurs.",
Repository Replication Mechanism,Which mechanism is used to distribute repository data and updates among replica servers?,17.16,"Primary-only compaction: Only the primary replica performs repository compaction, while replicas consume the recorded result.",accepted,other_question,"It addresses which replica performs compaction, not the mechanism for distributing repository data.",
Repository Replication Mechanism,Which mechanism is used to distribute repository data and updates among replica servers?,17.17,Replica-side repository repacking: Replicas independently trigger repository repacking as opposed to consuming primary-produced compacted data.,rejected,other_question,"It addresses whether replicas independently repack repositories, not the replication mechanism itself.",
Replica Update Scheduling,"How should competing repository updates be scheduled, specifically with respect to prioritization versus coalescing or batching?",18.1,Coalesced bookkeeping reference updates: Combining non-time-critical bookkeeping reference updates into fewer transactions.,accepted,other_question,"This chooses whether to coalesce bookkeeping reference updates into fewer transactions, rather than how competing updates are prioritized.",
Replica Update Scheduling,"How should competing repository updates be scheduled, specifically with respect to prioritization versus coalescing or batching?",18.2,Priority scheduling for user-initiated updates: Prioritizing user reference updates over bookkeeping updates during cascades.,accepted,option,This is an alternative scheduling policy that prioritizes user-initiated updates over bookkeeping updates.,
Replica Update Scheduling,"How should competing repository updates be scheduled, specifically with respect to prioritization versus coalescing or batching?",18.3,Batched WAL uploads: Multiple pushes are grouped to avoid one object-store write per push.,accepted,other_question,"This chooses whether to batch WAL uploads to reduce object-store writes, a separate upload-coalescing question.",
Replica Checksum Strategy,Which checksum strategy should be used to verify equivalence among replicated repository states?,3.1,"Spokes checksum: Summarizes reference names, values, and replica state to compare logical contents across replicas.",accepted,option,Spokes checksum is an implementable alternative for verifying logical equivalence across replicas.,
Replica Checksum Strategy,Which checksum strategy should be used to verify equivalence among replicated repository states?,3.2,Incremental XOR checksum maintenance: Updates checksum contributions when references change instead of rescanning the complete reference set.,accepted,option,Incremental XOR checksum maintenance is an alternative implementation strategy for replica verification.,
Replica Checksum Strategy,Which checksum strategy should be used to verify equivalence among replicated repository states?,3.3,Full checksum recomputation: Recomputing all reference hashes from scratch becomes expensive for repositories with many references.,outcome,effect,"The expense of full recomputation is a performance consequence, not a checksum strategy choice.",
Replica Checksum Strategy,Which checksum strategy should be used to verify equivalence among replicated repository states?,3.4,Reference-update throughput constraint: The cost of full recomputation would limit the achievable rate of reference updates.,outcome,effect,"The limitation on reference-update throughput is an outcome of recomputation cost, not an implementation option.",
Repository Placement Strategy,How should a request determine which cluster node should host or serve a repository?,5.1,Rendezvous-hashed repository placement: Maps repository identifiers to expected nodes without maintaining authoritative placement state.,accepted,option,It is an alternative repository-to-node routing strategy based on rendezvous hashing.,
Repository Placement Strategy,How should a request determine which cluster node should host or serve a repository?,5.2,"Repository-ID and healthy-node routing: Uses only the repository ID and current healthy-node set, tolerating stale routing because repositories can be rematerialized.",accepted,option,It is an alternative routing strategy based on repository ID and currently healthy nodes.,
Repository Placement Strategy,How should a request determine which cluster node should host or serve a repository?,5.3,Rendezvous-ranked preferred primary: Normally favors the highest-ranked node to reduce compare-and-swap retries while allowing other servers during failures.,accepted,option,It is an alternative routing strategy that ranks a preferred primary node while permitting failover.,
Repository Placement Strategy,How should a request determine which cluster node should host or serve a repository?,5.5,Routing-database availability dependency: What dependency is introduced by storing repository-to-machine placement in an external routing database?,outcome,effect,It describes a dependency or consequence of storing placement state in an external database.,
Repository Placement Strategy,How should a request determine which cluster node should host or serve a repository?,5.6,Idle-replica removal and rematerialization: Inactive repository replicas are removed from disks and recreated from the authoritative WAL when needed.,accepted,other_question,"It addresses repository replica eviction and recovery, not how requests choose nodes.",
Repository Placement Strategy,How should a request determine which cluster node should host or serve a repository?,5.7,Warm-cache materialization: Recreates absent local repositories from the S3 write-ahead log when routing directs work to another node.,accepted,other_question,"It addresses repository rematerialization from a WAL, not the node-selection strategy.",
Repository Placement Strategy,How should a request determine which cluster node should host or serve a repository?,5.8,Multi-machine repository placement: Repository data is distributed across multiple disks and machines for parallelism and availability.,accepted,other_question,"It addresses distributing repository data across machines, a physical placement and replication question.",
Maintenance Transition Strategy,How should a server be transitioned into planned maintenance to avoid immediately interrupting active operations?,6.1,"Direct reboot or unplugging: Stops a server immediately, risking interruption and loss of progress for long-running reads such as large clones.",rejected,option,Direct interruption is an alternative maintenance-transition strategy.,
Maintenance Transition Strategy,How should a server be transitioned into planned maintenance to avoid immediately interrupting active operations?,6.2,Quiescing period: Withdraws a server from new reads while allowing active operations to drain before reboot.,accepted,option,Quiescing before reboot is an alternative maintenance-transition strategy.,
Maintenance Transition Strategy,How should a server be transitioned into planned maintenance to avoid immediately interrupting active operations?,6.3,Continued write delivery during quiescence: Continues sending writes to the quiescing replica so it does not fall arbitrarily behind.,accepted,other_question,"This chooses how replication proceeds during quiescence, a separate write-delivery question.",
Maintenance Transition Strategy,How should a server be transitioned into planned maintenance to avoid immediately interrupting active operations?,6.4,Rolling reboot testing: Tests failures through planned rack-scoped rolling reboots rather than random interruption.,mixed,other_question,"This chooses how failures are tested, rather than how a server enters maintenance.",
Maintenance Transition Strategy,How should a server be transitioned into planned maintenance to avoid immediately interrupting active operations?,6.5,Rack-scoped availability-zone maintenance: Reboots one rack at a time and bounds simultaneous reboots within that rack.,accepted,other_question,This chooses the scope and sequencing of maintenance across racks or availability zones.,
Maintenance Transition Strategy,How should a server be transitioned into planned maintenance to avoid immediately interrupting active operations?,6.6,Bounded parallel server reboots: Limits concurrent reboots after quiescence to control maintenance disruption.,accepted,other_question,"This chooses the allowed concurrency of reboots, a scheduling question.",
Maintenance Transition Strategy,How should a server be transitioned into planned maintenance to avoid immediately interrupting active operations?,6.7,"Long and variable quiescence duration: Maintenance duration may range from seconds to hours because active reads, especially large clones, are allowed to finish.",outcome,effect,Variable quiescence duration is a consequence of allowing active reads to drain.,
Maintenance Transition Strategy,How should a server be transitioned into planned maintenance to avoid immediately interrupting active operations?,6.8,Increased same-day write-rejection risk: Reduced replication after sudden loss increases the chance that later writes are rejected.,outcome,effect,Increased write-rejection risk is a consequence of reduced replication after interruption.,
Maintenance Transition Strategy,How should a server be transitioned into planned maintenance to avoid immediately interrupting active operations?,6.9,Retiring-server replica-count removal: Removing a retiring server from active replica counts while keeping it available until repairs complete.,accepted,other_question,"This chooses how retiring replicas are counted and retained during repair, a replica-management question.",
Client Repository Fetching,What client-side mechanism should be used to obtain repository objects?,22.1,Background repository fetching: Fetches objects periodically outside foreground commands to reduce perceived user waiting.,accepted,option,It is a choice about whether repository fetching runs asynchronously in the background.,
Client Repository Fetching,What client-side mechanism should be used to obtain repository objects?,22.2,Hidden remote-reference namespace: Stores background-fetched references under a separate namespace without changing ordinary local or remote-tracking refs.,accepted,other_question,"It answers how fetched references are organized and exposed, not how objects are fetched.",
Client Repository Fetching,What client-side mechanism should be used to obtain repository objects?,22.3,Separate fetch-objects endpoint: Downloading pack files through a separate endpoint while central services control branch updates.,accepted,other_question,It answers whether object downloading uses a separate service endpoint.,
Client Repository Fetching,What client-side mechanism should be used to obtain repository objects?,22.4,Git protocol with Scalar registration: Uses ordinary Git protocol and client registration when GVFS cache infrastructure is unavailable.,accepted,option,It is an alternative client fetching protocol and registration mechanism.,
Client Repository Fetching,What client-side mechanism should be used to obtain repository objects?,22.5,GVFS without cache server: Uses GVFS protocol without a dedicated cache server for repositories small enough not to require one.,accepted,option,It is an alternative GVFS-based fetching mechanism for smaller repositories.,
Client Repository Fetching,What client-side mechanism should be used to obtain repository objects?,22.6,GVFS-protocol cloning: Cloning through the GVFS hosting protocol for large repositories.,accepted,option,It is an alternative protocol choice for cloning large repositories.,
Client Repository Fetching,What client-side mechanism should be used to obtain repository objects?,22.7,Packfile-based network transfer: Git transfers repository changes through packfiles over the network.,accepted,other_question,It answers which network transfer representation is used rather than the client fetching mechanism broadly.,
Client Repository Fetching,What client-side mechanism should be used to obtain repository objects?,22.8,"Central-server-coupled object retrieval: Clients rely on a central server for missing objects, relaxing the fully distributed collaboration model.",accepted,other_question,It answers whether object retrieval depends on a central server and affects the collaboration architecture.,
Client Maintenance Scheduling,When and how should client repository maintenance operations be scheduled and executed relative to user commands?,27.1,Background split commit-graph maintenance: Updates reachable commit graphs incrementally in the background to preserve large-repository performance.,accepted,option,It is an alternative choice to perform commit-graph maintenance incrementally in the background.,
Client Maintenance Scheduling,When and how should client repository maintenance operations be scheduled and executed relative to user commands?,27.2,Background Git maintenance: Running repository maintenance asynchronously instead of periodic foreground garbage collection.,mixed,option,It is an alternative choice to run Git maintenance asynchronously rather than in the foreground.,
Client Maintenance Scheduling,When and how should client repository maintenance operations be scheduled and executed relative to user commands?,27.3,"Single-command maintenance execution: Runs configuration, fetching, graph updates, and object cleanup together through one maintenance command.",accepted,option,It is an alternative choice to combine maintenance tasks into a single command execution.,
Client Maintenance Scheduling,When and how should client repository maintenance operations be scheduled and executed relative to user commands?,27.4,Foreground maintenance execution: Allows operators to run repository maintenance manually on demand alongside scheduled background work.,accepted,option,It is an alternative choice to support manually triggered foreground maintenance alongside background work.,
Client Maintenance Scheduling,When and how should client repository maintenance operations be scheduled and executed relative to user commands?,27.5,Foreground fetch overhead: Commit-graph generation during foreground fetches adds work and user-visible waiting.,outcome,effect,"It describes user-visible waiting caused by foreground fetch work, which is a consequence.",
Client Maintenance Scheduling,When and how should client repository maintenance operations be scheduled and executed relative to user commands?,27.6,Reduced foreground command waiting: Background object and graph maintenance shifts expensive work away from commands for which users are waiting.,outcome,effect,"It describes reduced command waiting resulting from background maintenance, which is a consequence.",
Client Maintenance Strategy,What scope and rewrite strategy should be used to maintain client repository data over time?,28.1,Incremental repository maintenance: Expensive repository upkeep is performed incrementally to limit machine-resource spikes.,accepted,option,Incremental maintenance is an alternative strategy for performing repository upkeep.,
Client Maintenance Strategy,What scope and rewrite strategy should be used to maintain client repository data over time?,28.2,"Complete object-data rewrites: Maintenance rewrites all object data, including compression, during cleanup.",accepted,option,Complete object-data rewrites are an alternative strategy for performing repository upkeep.,
Client Maintenance Strategy,What scope and rewrite strategy should be used to maintain client repository data over time?,28.3,Repository performance decay: Disabling cleanup causes repository performance to deteriorate as objects accumulate.,outcome,effect,"Repository performance decay is a consequence of disabling cleanup, not a maintenance-strategy choice.",
Client Index Representation,What representation should be used for the client-side Git index to reduce working-state inspection cost?,30.1,Updated Git index format: Using a compact index representation to reduce large-repository client command overhead.,accepted,option,An updated index format is an alternative representation choice for client index state.,
Client Index Representation,What representation should be used for the client-side Git index to reduce working-state inspection cost?,30.2,Untracked cache: Caching untracked-file information to reduce working-directory inspection work.,accepted,other_question,"Untracked caching is a separate caching decision, not an index-representation alternative.",
Client Index Representation,What representation should be used for the client-side Git index to reduce working-state inspection cost?,30.3,Single-file Git index storage: Maintaining tracked paths in one index file read and written by core commands.,accepted,option,Using a single index file is an alternative choice for representing and storing tracked paths.,
Client Index Representation,What representation should be used for the client-side Git index to reduce working-state inspection cost?,30.4,Index-file size reduction: Reducing the large-repository index file from 400 MB to 250 MB.,outcome,effect,"The reduced index-file size is an outcome of representation or storage choices, not a choice itself.",
Client Filesystem and Status Monitoring,Which mechanism should be used to detect client filesystem changes for responsive working-state updates?,31.1,Git-aware filesystem watcher: Using a Git-specific watcher to avoid broad filesystem scans during client maintenance.,mixed,option,Git-aware watching is an alternative filesystem change-detection mechanism.,
Client Filesystem and Status Monitoring,Which mechanism should be used to detect client filesystem changes for responsive working-state updates?,31.2,Watchman filesystem watching: Using the general-purpose Watchman watcher for client filesystem change detection.,mixed,option,Watchman is an alternative filesystem change-detection mechanism.,
Client Filesystem and Status Monitoring,Which mechanism should be used to detect client filesystem changes for responsive working-state updates?,31.3,Performance bottleneck tracing: Using custom traces and user feedback to identify large-repository client bottlenecks.,outcome,other_question,"Tracing and user feedback address how to diagnose bottlenecks, not how to watch the filesystem.",
Client Filesystem and Status Monitoring,Which mechanism should be used to detect client filesystem changes for responsive working-state updates?,31.4,Disabled ahead-behind status calculation: Omits potentially expensive branch-divergence computation during status operations.,accepted,other_question,Disabling ahead-behind calculation is a separate status-computation policy choice.,
Client Filesystem and Status Monitoring,Which mechanism should be used to detect client filesystem changes for responsive working-state updates?,31.5,Selective modified-path inspection: Git restricts index and cache work to paths reported as changed instead of scanning every populated path.,accepted,other_question,Selective modified-path inspection is a separate status or index-scanning optimization choice.,
Client Filesystem and Status Monitoring,Which mechanism should be used to detect client filesystem changes for responsive working-state updates?,31.6,Working-directory scan latency: Full working-directory scans become slower as populated repository size grows.,outcome,effect,Increased scan latency is a performance consequence rather than an architectural choice.,
Client Configuration and Registration,Which client-side mechanisms should be adopted to configure and register repositories for scalable operation?,32.1,Background configuration updater: Applies supported Git settings asynchronously to registered repositories after installation.,accepted,option,It is an adoptable mechanism for asynchronously applying supported Git settings to registered repositories.,
Client Configuration and Registration,Which client-side mechanisms should be adopted to configure and register repositories for scalable operation?,32.2,Automatic enlistment registration during cloning: Registers newly cloned repositories automatically for recommended configuration and maintenance.,accepted,option,It is an adoptable mechanism for automatically registering repositories during cloning.,
Client Configuration and Registration,Which client-side mechanisms should be adopted to configure and register repositories for scalable operation?,32.3,Scalar configuration tuning: Applying recommended Git configuration values to accelerate client commands.,accepted,option,It is an adoptable choice to apply recommended Git configuration values for client performance.,
Client Configuration and Registration,Which client-side mechanisms should be adopted to configure and register repositories for scalable operation?,32.4,Nested source working directory: Places the working tree beneath the repository directory to separate source files from adjacent build outputs.,accepted,other_question,It is a choice about repository working-tree layout rather than configuration or enlistment registration.,
Client Scaling Integration,"Where should large-repository scaling and management capabilities reside in the client architecture: an auxiliary layer or custom Git build, or core Git?",8.1,Custom Git build dependency: Requires a Git build containing Scalar-specific functionality for repository-scaling features.,accepted,option,Using a custom Git build is an alternative way to supply scaling functionality through the client.,
Client Scaling Integration,"Where should large-repository scaling and management capabilities reside in the client architecture: an auxiliary layer or custom Git build, or core Git?",8.2,Scalar performance layer: Uses Scalar as an additional client mechanism for achieving required large-repository performance.,mixed,option,Using Scalar as an auxiliary client layer is an alternative integration strategy.,
Client Scaling Integration,"Where should large-repository scaling and management capabilities reside in the client architecture: an auxiliary layer or custom Git build, or core Git?",8.3,Core Git performance capabilities: Moves repository management and performance features into the core Git client.,accepted,option,Moving scaling capabilities into core Git is an alternative integration strategy.,
Client Scaling Integration,"Where should large-repository scaling and management capabilities reside in the client architecture: an auxiliary layer or custom Git build, or core Git?",8.4,Additional Git management layers: The longer-term design rejects continued dependence on management layers such as Scalar above core Git.,rejected,option,Rejecting additional management layers is an alternative choice favoring integration into core Git.,
Client Scaling Integration,"Where should large-repository scaling and management capabilities reside in the client architecture: an auxiliary layer or custom Git build, or core Git?",8.5,Scalar-to-core-Git transition: Treats Scalar as a transitional solution while equivalent capabilities become available in core Git.,accepted,option,Using Scalar temporarily during a transition to core Git is an alternative migration strategy.,
Client Scaling Integration,"Where should large-repository scaling and management capabilities reside in the client architecture: an auxiliary layer or custom Git build, or core Git?",8.7,GVFS Protocol in standard Git: Is the GVFS Protocol integrated into the standard Git client?,rejected,other_question,"This asks whether a specific protocol is integrated into standard Git, a different design question.",
Client Scaling Integration,"Where should large-repository scaling and management capabilities reside in the client architecture: an auxiliary layer or custom Git build, or core Git?",8.8,"Reliability-performance-scale platform objectives: The client integration direction targets improved reliability, performance, and scale for Git operations.",outcome,goal,"Reliability, performance, and scale are objectives for the client-integration direction.",
Client Scaling Integration,"Where should large-repository scaling and management capabilities reside in the client architecture: an auxiliary layer or custom Git build, or core Git?",8.9,Low-friction platform migration: Adoption of improved repository infrastructure minimizes migration disruption.,outcome,goal,Minimizing migration disruption is an objective rather than an integration alternative.,
Client Scaling Integration,"Where should large-repository scaling and management capabilities reside in the client architecture: an auxiliary layer or custom Git build, or core Git?",8.10,Incremental infrastructure evolution: Version-control infrastructure continues evolving as workload and platform conditions change.,outcome,fact,This describes an ongoing evolution of infrastructure as workload and platform conditions change.,
Client Scaling Integration,"Where should large-repository scaling and management capabilities reside in the client architecture: an auxiliary layer or custom Git build, or core Git?",8.11,"Agent-driven workload growth: Software agents increase code, pull-request, and CI workload demands on repository infrastructure.",outcome,fact,This describes a background workload trend affecting repository infrastructure.,
Client Scaling Integration,"Where should large-repository scaling and management capabilities reside in the client architecture: an auxiliary layer or custom Git build, or core Git?",8.12,Repository availability productivity impact: Repository unavailability directly reduces developer and CI productivity.,outcome,fact,This describes the productivity impact of repository unavailability.,
Replica Topology and Factor,"How should repository replicas be physically placed, and how many replicas should each repository maintain?",9.1,Rack-level replica anti-colocation: Placing repository replicas in different racks to isolate rack-wide failures.,accepted,option,This is an alternative choice for physically separating replicas across racks.,
Replica Topology and Factor,"How should repository replicas be physically placed, and how many replicas should each repository maintain?",9.2,Distant replica placement: Placing replicas across geographically separated locations despite inter-replica latency.,accepted,option,This is an alternative choice for placing replicas across geographic locations.,
Replica Topology and Factor,"How should repository replicas be physically placed, and how many replicas should each repository maintain?",9.3,Colocated filesystem replicas: Keeping filesystem replicas near one another because block replication is latency-sensitive.,rejected,option,This is an alternative choice to colocate replicas for lower replication latency.,
Replica Topology and Factor,"How should repository replicas be physically placed, and how many replicas should each repository maintain?",9.5,Three replicas per repository: Maintaining three repository copies as the selected replication factor.,accepted,option,This is a choice of a fixed three-copy replication factor.,
Replica Topology and Factor,"How should repository replicas be physically placed, and how many replicas should each repository maintain?",9.7,"Elastic per-repository replica allocation: Replica counts vary with repository demand, from minimal availability to large read-serving pools.",accepted,option,This is a choice to allocate replica counts elastically per repository.,
Replica Topology and Factor,"How should repository replicas be physically placed, and how many replicas should each repository maintain?",9.8,Geographically localized replica reads: Serving reads from synchronized replicas near users to improve transfer locality.,outcome,effect,Localized reads are a consequence of geographically distributed synchronized replicas.,
Replica Topology and Factor,"How should repository replicas be physically placed, and how many replicas should each repository maintain?",9.9,"Durable highly available content access: Maintaining durable, highly available repository and gist access through multi-copy replication.",outcome,effect,Durable highly available access is an outcome of maintaining multiple copies.,
Replica Topology and Factor,"How should repository replicas be physically placed, and how many replicas should each repository maintain?",9.10,Replication floor and capacity ceiling: The fixed replication floor is costly for small repositories while offering insufficient serving capacity for massive repositories.,outcome,effect,The cost and capacity tradeoff is a consequence of the replication policy.,
Replica Topology and Factor,"How should repository replicas be physically placed, and how many replicas should each repository maintain?",9.11,"Two-copy repository state after sudden loss: Leaves a repository with two surviving copies after an unexpected server disappearance, preserving service but reducing failure tolerance.",outcome,effect,Having two surviving copies after loss is an outcome of replica failure and recovery behavior.,
Replica Topology and Factor,"How should repository replicas be physically placed, and how many replicas should each repository maintain?",9.12,Replica-count scaling bottleneck: Increasing the number of replicas reduces push throughput under three-phase commit.,outcome,effect,Reduced push throughput is a performance consequence of increasing replica count under three-phase commit.,
Authority Synchronization,Which architectural mechanism coordinates the persistence and synchronization of authoritative repository state?,10.1,S3-backed write-ahead log: Persisting authoritative repository updates through a write-ahead log in S3.,accepted,option,S3-backed write-ahead logging is an architectural choice for persisting authoritative updates.,
Authority Synchronization,Which architectural mechanism coordinates the persistence and synchronization of authoritative repository state?,10.2,S3 compare-and-swap synchronization: Uses atomic S3 compare-and-swap operations to serialize concurrent write-ahead-log updates.,accepted,option,S3 compare-and-swap is a synchronization choice for serializing concurrent authoritative updates.,
Authority Synchronization,Which architectural mechanism coordinates the persistence and synchronization of authoritative repository state?,10.3,WAL-based repository consistency: Uses a write-ahead log as the authoritative record for consistent repository operations without an external relational database.,accepted,option,Using a WAL as the authoritative repository record is an alternative persistence architecture.,
Authority Synchronization,Which architectural mechanism coordinates the persistence and synchronization of authoritative repository state?,10.5,Fully consistent repository views: Maintains every accessed repository view as fully consistent rather than partially consistent.,outcome,effect,Fully consistent repository views describe a resulting consistency property.,
Authority Synchronization,Which architectural mechanism coordinates the persistence and synchronization of authoritative repository state?,10.6,External relational database for repository references: Stores repository references in an external relational database alongside blob-stored packfiles.,mixed,option,Using an external relational database is an alternative architecture for storing repository references.,
Authority Synchronization,Which architectural mechanism coordinates the persistence and synchronization of authoritative repository state?,10.8,Repository copies as consensus source: What repository state establishes consensus for replicated operations?,outcome,other_question,"This asks which repository state serves as the consensus source, a distinct authority-definition question.",
Authority Synchronization,Which architectural mechanism coordinates the persistence and synchronization of authoritative repository state?,10.9,Cloud-agnostic object-storage deployment: The authority log runs on S3-compatible object storage across cloud providers.,outcome,other_question,"Cloud-agnostic object-storage deployment addresses portability and deployment scope, not synchronization mechanism.",
Authority Synchronization,Which architectural mechanism coordinates the persistence and synchronization of authoritative repository state?,10.11,One-object-store-write-per-push ingestion: Each push is ingested with a separate object-store write.,rejected,option,One object-store write per push is an alternative ingestion and persistence strategy.,
Authority Synchronization,Which architectural mechanism coordinates the persistence and synchronization of authoritative repository state?,10.13,Periodic WAL compaction: The write-ahead log is periodically compacted to bound restore cost and retained history.,accepted,other_question,Periodic WAL compaction addresses history retention and restore cost rather than authority synchronization.,
Authority Synchronization,Which architectural mechanism coordinates the persistence and synchronization of authoritative repository state?,10.14,Compaction results recorded across storage representations: Compaction outcomes are recorded for both the WAL and on-disk repository so replicas reproduce them.,accepted,option,Recording compaction results across representations is a choice for synchronizing replica state.,
Authority Synchronization,Which architectural mechanism coordinates the persistence and synchronization of authoritative repository state?,10.15,S3 Express One Zone deployment: High-performance clusters use a lower-latency object-storage tier for WAL updates and push ingestion.,accepted,other_question,"Choosing S3 Express One Zone addresses storage-tier and performance deployment, not the authority mechanism.",
Authority Synchronization,Which architectural mechanism coordinates the persistence and synchronization of authoritative repository state?,10.16,ETag-conditional read verification: Replicas use conditional object-storage reads to verify WAL-index freshness before serving fetches or clones.,accepted,option,ETag-conditional verification is a synchronization choice for validating replica freshness before reads.,
Repository Serving Architecture,How should application-serving nodes access and serve repository storage across serving and storage nodes?,11.1,Stateless repository-serving cluster: Treats local repository copies as replaceable warm caches and avoids authoritative server-local repository state.,accepted,option,It is an alternative architecture using replaceable local repository caches rather than authoritative server-local state.,
Repository Serving Architecture,How should application-serving nodes access and serve repository storage across serving and storage nodes?,11.2,RPC-based repository access: Accessing repositories remotely through an application-facing RPC layer.,accepted,option,It is an alternative architecture that accesses repositories through an application-facing RPC layer.,
Repository Serving Architecture,How should application-serving nodes access and serve repository storage across serving and storage nodes?,11.3,Dedicated repository fileservers: Storing repositories on dedicated fileservers rather than a shared distributed filesystem.,accepted,option,It is an alternative repository-serving architecture based on dedicated fileservers.,
Repository Serving Architecture,How should application-serving nodes access and serve repository storage across serving and storage nodes?,11.4,Co-located GVFS cache server: Places a cache server with the repository to handle many GVFS protocol requests.,accepted,option,It is an alternative architecture that co-locates a GVFS cache server with the repository.,
Repository Serving Architecture,How should application-serving nodes access and serve repository storage across serving and storage nodes?,11.7,Horizontal application-server replication: How does the serving application scale its application instances around repository access?,accepted,other_question,"It addresses how application instances scale, which is distinct from how repository storage is served.",
Repository Serving Architecture,How should application-serving nodes access and serve repository storage across serving and storage nodes?,11.9,Single-machine repository storage: Keeping each repository on only one machine after remote fileserver access.,outcome,effect,It describes a resulting repository-placement property in which each repository remains on one machine.,
Repository Serving Architecture,How should application-serving nodes access and serve repository storage across serving and storage nodes?,11.10,Git hosting operational difficulty: Makes repository hosting operations a significant scalability and reliability concern.,outcome,effect,It describes an operational scalability and reliability consequence of repository hosting.,
Repository Serving Architecture,How should application-serving nodes access and serve repository storage across serving and storage nodes?,11.11,Read-dominant repository workload: Operating under a workload with roughly one hundred reads per write.,outcome,fact,It describes the workload's read-to-write ratio rather than an architectural choice.,
Repository Serving Architecture,How should application-serving nodes access and serve repository storage across serving and storage nodes?,11.12,Any-replica read routing: Routes fetches and clones to any synchronized replica instead of a designated read replica.,accepted,option,It is an alternative read-routing choice that permits any synchronized replica to serve reads.,
Repository Serving Architecture,How should application-serving nodes access and serve repository storage across serving and storage nodes?,11.13,Single on-disk HTTP repository: An HTTP daemon serves one local on-disk repository.,rejected,option,It is an alternative architecture in which an HTTP daemon serves one local repository.,
Client Clone Materialization,How should repository objects and working-tree content be materialized on large-repository clients?,12.1,Partial-clone object materialization: Fetching missing repository objects on demand instead of storing every reachable object locally.,accepted,option,Partial cloning is an adoptable strategy for fetching repository objects on demand.,
Client Clone Materialization,How should repository objects and working-tree content be materialized on large-repository clients?,12.2,Virtualized filesystem materialization: Using a virtualized filesystem to support very large repositories without fully materializing content.,mixed,option,Filesystem virtualization is an adoptable strategy for avoiding full working-tree materialization.,
Client Clone Materialization,How should repository objects and working-tree content be materialized on large-repository clients?,12.3,Sparse-checkout materialization: Populating only selected working-tree paths to control client materialization size.,accepted,option,Sparse checkout is an adoptable strategy for materializing only selected working-tree paths.,
Client Clone Materialization,How should repository objects and working-tree content be materialized on large-repository clients?,12.6,Reduced Git working-directory management load: Separating build outputs from the working directory reduces the work Git performs while managing repository files.,outcome,effect,Separating build outputs from the working directory reduces Git working-directory management effort.,
Client Clone Materialization,How should repository objects and working-tree content be materialized on large-repository clients?,12.7,Reduced object-transfer burden: Partial transfer and caching reduce client data movement and central-server load compared with complete object database transfer.,outcome,effect,Partial transfer and caching reduce data movement and central-server load.,
Client Clone Materialization,How should repository objects and working-tree content be materialized on large-repository clients?,12.8,Populated-file data cost: Populating working files costs substantially more data movement and processing than changing index entries.,outcome,effect,Populating working files incurs greater data-transfer and processing costs than changing index entries.,
Client Clone Materialization,How should repository objects and working-tree content be materialized on large-repository clients?,12.9,Populated-file modification-detection cost: Determining modifications across many populated files becomes an important client scalability cost.,outcome,effect,Many populated files increase the cost of detecting working-tree modifications.,
Repository Storage Representation,Which repository storage representation and access pattern should be adopted to support server-scale Git workloads?,20.1,"Size-minimizing packfile layout: Organizing packed objects primarily to minimize storage size, accepting physical indirection and random reads.",accepted,option,It is an alternative packfile organization strategy for repository storage.,
Repository Storage Representation,Which repository storage representation and access pattern should be adopted to support server-scale Git workloads?,20.2,Whole-file local caching: Caching an entire repository file locally to make random access acceptable.,rejected,option,It is an alternative local caching strategy for repository access.,
Repository Storage Representation,Which repository storage representation and access pattern should be adopted to support server-scale Git workloads?,20.3,Distributed filesystem architecture: Distributing repository storage through a shared filesystem.,rejected,option,It is an alternative shared-filesystem storage architecture.,
Repository Storage Representation,Which repository storage representation and access pattern should be adopted to support server-scale Git workloads?,20.4,Plain Git repositories on local NVMe: Stores ordinary Git repositories on local NVMe to support random packfile reads and standard client access.,mixed,option,It is an alternative choice to use ordinary repositories on local NVMe.,
Repository Storage Representation,Which repository storage representation and access pattern should be adopted to support server-scale Git workloads?,20.5,Normal on-disk Git repository operations: Runs standard Git operations against ordinary on-disk repositories using upstream-compatible tooling.,mixed,option,It is an alternative choice to use standard on-disk Git operations.,
Repository Storage Representation,Which repository storage representation and access pattern should be adopted to support server-scale Git workloads?,20.7,Content-addressable object storage: Repository objects are stored and addressed by content hashes.,accepted,option,It is an alternative content-addressable representation for repository objects.,
Repository Storage Representation,Which repository storage representation and access pattern should be adopted to support server-scale Git workloads?,20.8,"DAG-dependent object traversal: Repository access follows dependent commit, tree, and file references sequentially.",accepted,option,It is an alternative object-access pattern based on traversing Git dependencies.,
Repository Storage Representation,Which repository storage representation and access pattern should be adopted to support server-scale Git workloads?,20.9,Distributed key-value object storage: Git objects are mapped directly onto a distributed key-value store.,mixed,option,It is an alternative distributed key-value representation for Git objects.,
Repository Storage Representation,Which repository storage representation and access pattern should be adopted to support server-scale Git workloads?,20.10,Distributed hash-table packfile storage: Normal on-disk packfiles are replaced by a distributed hash table.,rejected,option,It is an alternative distributed hash-table representation for packfile data.,
Repository Storage Representation,Which repository storage representation and access pattern should be adopted to support server-scale Git workloads?,20.13,Packfile-based repository storage: Repository code and metadata are stored in compressed filesystem packfiles.,accepted,option,It is an alternative packfile-based representation for repositories.,
Repository Storage Representation,Which repository storage representation and access pattern should be adopted to support server-scale Git workloads?,20.15,Server-internal non-packfile storage: The server uses an internal representation other than packfiles while preserving packfile network operations.,rejected,option,It is an alternative server-internal representation that differs from packfiles.,
Repository Storage Representation,Which repository storage representation and access pattern should be adopted to support server-scale Git workloads?,20.17,Efficient Git cloning: Preserves efficient cloning by retaining plain Git data rather than transforming it for clients.,outcome,effect,Efficient cloning is a consequence of retaining plain Git data.,
Repository Storage Representation,Which repository storage representation and access pattern should be adopted to support server-scale Git workloads?,20.18,Network-filesystem performance and correctness problems: What operational effect results when Git repositories are exposed through networked filesystem semantics?,outcome,effect,Network-filesystem problems are operational consequences of a storage choice.,
Repository Storage Representation,Which repository storage representation and access pattern should be adopted to support server-scale Git workloads?,20.19,Distributed-store access overhead: Object-level distributed storage adds repeated network round trips and latency.,outcome,effect,Distributed-store access overhead is a performance consequence of object distribution.,
Repository Storage Representation,Which repository storage representation and access pattern should be adopted to support server-scale Git workloads?,20.20,Unacceptable clone performance: Object-level distribution makes repository cloning too slow for practical use.,outcome,effect,Unacceptable clone performance is a consequence of distributed object access.,
Repository Storage Representation,Which repository storage representation and access pattern should be adopted to support server-scale Git workloads?,20.21,Packfile hosting management burden: Large binary packfiles make filesystem-scale repository management difficult.,outcome,effect,Packfile management burden is an operational consequence of packfile hosting.,
Repository Storage Representation,Which repository storage representation and access pattern should be adopted to support server-scale Git workloads?,20.22,Packfile hosting scalability ceiling: Packfile-based hosting limits availability and scalability for large providers.,outcome,effect,A hosting scalability ceiling is a consequence of packfile-based storage.,
Packfile Lifecycle Management,"How should Git packfiles be managed over their lifecycle through repacking, indexing, retention, and deletion?",21.1,Incremental pack-file repacking: Which pack-maintenance strategy limits each repacking operation while reducing large repositories’ pack count?,accepted,option,Incremental repacking is an adoptable alternative for managing pack maintenance.,
Packfile Lifecycle Management,"How should Git packfiles be managed over their lifecycle through repacking, indexing, retention, and deletion?",21.2,Multi-pack-index reference redirection: Which index mechanism redirects selected objects to newly generated packs while retaining old packs temporarily?,accepted,other_question,This chooses an index and reference-redirection mechanism rather than a general lifecycle strategy.,
Packfile Lifecycle Management,"How should Git packfiles be managed over their lifecycle through repacking, indexing, retention, and deletion?",21.3,Deferred obsolete-pack deletion: When are obsolete pack files deleted relative to pack creation and reference updates?,accepted,other_question,"This chooses when obsolete packs are deleted, which is a separate retention-timing decision.",
Packfile Lifecycle Management,"How should Git packfiles be managed over their lifecycle through repacking, indexing, retention, and deletion?",21.4,Single-pack-file repacking: Accumulated packfiles are rewritten into one packfile as a maintenance strategy unsuitable for very large repositories.,mixed,option,"Single-pack-file repacking is an alternative pack-maintenance strategy, even if unsuitable at scale.",
Packfile Lifecycle Management,"How should Git packfiles be managed over their lifecycle through repacking, indexing, retention, and deletion?",21.7,Unbounded pack-file accumulation: What pack-growth condition can result when pack maintenance is not bounded?,outcome,effect,Unbounded pack accumulation is a consequence of inadequate pack maintenance.,
Packfile Lifecycle Management,"How should Git packfiles be managed over their lifecycle through repacking, indexing, retention, and deletion?",21.8,Pack-count and storage-footprint reduction: What storage result follows from incremental repacking and obsolete-pack expiration?,outcome,effect,Reduced pack count and storage footprint are outcomes of lifecycle-management choices.,
Packfile Lifecycle Management,"How should Git packfiles be managed over their lifecycle through repacking, indexing, retention, and deletion?",21.9,"Git compaction as ingestion bottleneck: At high throughput, on-disk Git compaction becomes the limiting factor for repository ingestion.",outcome,effect,Compaction becoming an ingestion bottleneck is a performance consequence of pack maintenance.,
Replica Failure Recovery,"How should failed or retiring replica servers be detected, isolated, and repaired to restore repository redundancy?",14.1,Live-traffic-based failure detection: Detecting server failure from live application traffic and routing requests around unavailable servers.,accepted,option,Choosing live application traffic as the basis for failure detection and request routing is an architectural alternative.,
Replica Failure Recovery,"How should failed or retiring replica servers be detected, isolated, and repaired to restore repository redundancy?",14.2,Automated permanent-failure repair: Automatically restoring repository replication after disk or server failures.,accepted,option,Automating replication repair after failures is a choice of recovery mechanism.,
Replica Failure Recovery,"How should failed or retiring replica servers be detected, isolated, and repaired to restore repository redundancy?",14.4,MxN failure-detection matrix: How are failure observations distributed across application servers and file servers?,accepted,option,Distributing failure observations through an MxN matrix is a choice of detection architecture.,
Replica Failure Recovery,"How should failed or retiring replica servers be detected, isolated, and repaired to restore repository redundancy?",14.5,Per-application-server failure isolation: How are failure classifications isolated when one application server has a local connectivity or DNS fault?,accepted,option,Isolating failure classifications per application server is a choice in detector fault containment.,
Replica Failure Recovery,"How should failed or retiring replica servers be detected, isolated, and repaired to restore repository redundancy?",14.6,Heartbeat-based primary failure detection: Which mechanism is used as the primary detector for failed repository servers?,mixed,option,Using heartbeats as the primary detector is an alternative failure-detection mechanism.,
Replica Failure Recovery,"How should failed or retiring replica servers be detected, isolated, and repaired to restore repository redundancy?",14.7,Advisory replica-offline status: How is an uncertain offline judgment represented in replica routing?,accepted,option,Representing uncertain offline judgments as advisory routing status is a routing-policy choice.,
Replica Failure Recovery,"How should failed or retiring replica servers be detected, isolated, and repaired to restore repository redundancy?",14.8,Cross-server fault inference: How are file-server faults distinguished from application-server faults?,accepted,option,Inferring faults across server types is a choice of failure-diagnosis mechanism.,
Replica Failure Recovery,"How should failed or retiring replica servers be detected, isolated, and repaired to restore repository redundancy?",14.9,Pet-style repository operations: Are repositories managed as individually irreplaceable assets or interchangeable instances?,accepted,other_question,"This concerns whether repositories are interchangeable assets, a repository-management question rather than failure recovery.",
Replica Failure Recovery,"How should failed or retiring replica servers be detected, isolated, and repaired to restore repository redundancy?",14.10,Three-consecutive-failure offline threshold: A replica is marked offline only after three consecutive request failures.,accepted,option,Requiring three consecutive failures before marking a replica offline is a detection-threshold choice.,
Replica Failure Recovery,"How should failed or retiring replica servers be detected, isolated, and repaired to restore repository redundancy?",14.11,Losing-replica isolation: Replicas on the losing side of a write vote are removed from reads and writes until repaired.,accepted,option,Isolating replicas that lose a write vote is a choice of failure containment and recovery policy.,
Replica Failure Recovery,"How should failed or retiring replica servers be detected, isolated, and repaired to restore repository redundancy?",14.12,N-to-N replica reconstruction: Replacement replicas can be created anywhere from either surviving repository copy.,accepted,option,Allowing reconstruction from either surviving copy and on any server is a repair-strategy choice.,
Replica Failure Recovery,"How should failed or retiring replica servers be detected, isolated, and repaired to restore repository redundancy?",14.13,Localized failure-detector false positive: What failure-detection error can remain localized to one application server?,outcome,effect,A localized false positive is a consequence of the failure-detection design.,
Replica Failure Recovery,"How should failed or retiring replica servers be detected, isolated, and repaired to restore repository redundancy?",14.14,"Operational burden of repository health management: What operational effect follows from continuous repository location, checksum, corruption, and repair management?",outcome,effect,Operational burden is an outcome of repository health-management choices.,
Replica Failure Recovery,"How should failed or retiring replica servers be detected, isolated, and repaired to restore repository redundancy?",14.15,Cluster-size recovery scaling: Replica recovery accelerates as the file-server cluster grows.,outcome,effect,Recovery acceleration with cluster size is a performance consequence of the architecture.,
Replica Failure Recovery,"How should failed or retiring replica servers be detected, isolated, and repaired to restore repository redundancy?",14.16,Replica failover from concurrent maintenance: Concurrent maintenance on multiple replica nodes can trigger repository failover and availability impact.,outcome,effect,Availability impact from concurrent maintenance is an operational consequence of failover behavior.,
Version-Control Operating Model,Which collaboration and repository-control model should govern how users and teams exchange Git changes?,15.1,Distributed version-control model: Retains decentralized repositories and offline change exchange as the underlying version-control model.,accepted,option,A distributed version-control model is an alternative repository-control choice.,
Version-Control Operating Model,Which collaboration and repository-control model should govern how users and teams exchange Git changes?,15.2,Decentralized subsystem-maintainer workflow: Organizes development through many maintainers and decentralized subsystem ownership.,accepted,option,A decentralized subsystem-maintainer workflow is an alternative collaboration and governance choice.,
Version-Control Operating Model,Which collaboration and repository-control model should govern how users and teams exchange Git changes?,15.3,Offline work and delayed-push capabilities: Provides offline development and postpones synchronization with the central host.,outcome,effect,Offline work and delayed synchronization are capabilities resulting from the distributed model.,
Version-Control Operating Model,Which collaboration and repository-control model should govern how users and teams exchange Git changes?,15.4,Centralized repository hosting: Coordinates users through a centralized repository host despite distributed client capabilities.,accepted,option,Centralized repository hosting is an alternative repository-control choice.,
Version-Control Operating Model,Which collaboration and repository-control model should govern how users and teams exchange Git changes?,15.6,Distributed-model mismatch with centralized workflows: Creates friction when organizations use centralized coordination rather than decentralized development.,outcome,effect,Workflow mismatch and resulting friction are consequences of the chosen operating model.,
