option_id,option,decision,views,open_codes,generate,update_1,update_2,update_3,update_4,update_5,update_6,update_7,update_8,update_9,review,consolidated,selected,loss_stage,dropped_then_recovered
no_data_processing_automation,No data processing automation,How to automatically process the data used for model building?,model+paper,present,absent,absent,absent,absent,absent,absent,absent,absent,absent,absent,absent,absent,absent,generate,False
data_pipeline,Data pipeline,How to automatically process the data used for model building?,model+paper,present,present,present,present,present,present,present,present,present,present,present,present,present,present,,False
etl_pipeline,ETL pipeline,How to automatically process the data used for model building?,model+paper,present,present,present,present,present,present,present,present,present,present,present,present,present,present,,False
data_processing_component,Data processing component,How to automatically process the data used for model building?,model+paper,present,present,present,present,present,present,present,present,absent,absent,absent,absent,absent,absent,update_7,False
data_extraction,Data extraction,Which data processing tasks can be performed by a data processing pipeline or component?,model+paper,present,absent,absent,absent,present,present,present,present,present,present,present,present,present,present,,True
data_transformation,Data transformation,Which data processing tasks can be performed by a data processing pipeline or component?,model+paper,present,present,present,present,present,present,present,present,present,present,present,present,present,present,,False
data_preparation,Data preparation,Which data processing tasks can be performed by a data processing pipeline or component?,model+paper,present,present,present,present,present,present,present,present,present,present,present,present,present,present,,False
data_validation,Data validation,Which data processing tasks can be performed by a data processing pipeline or component?,model+paper,present,present,present,present,present,present,present,present,present,present,present,present,present,present,,False
data_selection,Data selection,Which data processing tasks can be performed by a data processing pipeline or component?,model+paper,present,absent,present,present,present,present,present,present,present,present,present,present,present,present,,True
feature_engineering,Feature engineering,Which data processing tasks can be performed by a data processing pipeline or component?,model+paper,present,present,present,present,present,present,present,present,present,present,present,absent,absent,absent,review,False
data_processing_hyperparameter_tuning,Data processing hyperparameter tuning,Which data processing tasks can be performed by a data processing pipeline or component?,model+paper,present,absent,absent,absent,absent,absent,absent,absent,absent,absent,absent,absent,absent,absent,generate,False
store_features_in_data_stores_without_specific_support,Store features in data stores without specific support,How to persist and provide access to features?,model+paper,present,present,present,present,present,present,present,present,present,present,present,present,present,present,,False
feature_store,Feature store,How to persist and provide access to features?,model+paper,present,present,present,present,present,present,present,present,present,present,present,present,present,present,,False
batch_based_data_processing,Batch-based data processing,Should data be processed in batches or in realtime?,model+paper,present,present,present,present,present,present,present,present,present,present,present,present,present,present,,False
real_time_stream_based_data_processing,"Real-time, stream-based data processing",Should data be processed in batches or in realtime?,model+paper,present,present,present,present,present,present,present,present,present,present,present,present,present,present,,False
streamed_data_ingestion,Streamed data ingestion,How to ingest data into ML projects or applications?,model+paper,present,present,present,present,present,present,present,present,present,present,present,present,present,present,,False
data_ingestion_by_request,Data ingestion by request,How to ingest data into ML projects or applications?,model+paper,present,absent,absent,absent,absent,absent,absent,absent,absent,absent,absent,present,present,present,,True
data_ingestion_in_batches,Data ingestion in batches,How to ingest data into ML projects or applications?,model+paper,present,present,present,present,present,present,present,present,present,present,present,present,present,present,,False
manual_data_ingestion,Manual data ingestion,How to ingest data into ML projects or applications?,model+paper,present,absent,absent,absent,absent,absent,absent,absent,absent,absent,absent,absent,absent,absent,generate,False
on_demand_trigger,On-demand trigger,How to trigger a machine learning pipeline or orchestrator?,model+paper,present,absent,absent,absent,absent,absent,absent,absent,absent,absent,absent,absent,absent,absent,generate,False
on_commit_trigger,On-commit trigger,How to trigger a machine learning pipeline or orchestrator?,model+paper,present,present,present,present,present,present,present,present,present,present,present,present,present,present,,False
on_schedule_trigger,On-schedule trigger,How to trigger a machine learning pipeline or orchestrator?,model+paper,present,present,present,present,present,present,present,present,present,present,present,present,present,present,,False
on_availability_of_new_training_data_trigger,On availability of new training data trigger,How to trigger a machine learning pipeline or orchestrator?,model+paper,present,present,present,present,present,present,present,present,present,present,present,present,present,present,,False
on_model_performance_degradation_trigger,On model performance degradation trigger,How to trigger a machine learning pipeline or orchestrator?,model+paper,present,present,present,present,present,present,present,present,present,present,present,present,present,present,,False
on_changes_in_the_data_distribution_trigger,On changes in the data distribution trigger,How to trigger a machine learning pipeline or orchestrator?,model+paper,present,present,present,present,present,present,present,present,present,present,present,present,present,present,,False
model_building_in_development_tool,Model building in development tool,How to perform model building in an ML project?,model+paper,present,present,present,present,absent,present,absent,absent,present,present,present,present,present,present,,True
model_building_pipeline,Model building pipeline,How to perform model building in an ML project?,model+paper,present,present,present,present,present,present,present,present,present,present,present,present,present,present,,False
model_builder_component,Model builder component,How to perform model building in an ML project?,model+paper,present,absent,absent,absent,absent,absent,absent,absent,present,absent,absent,absent,absent,absent,update_8,True
model_training,Model training,Which tasks can be performed by a model building pipeline or component?,model+paper,present,absent,absent,absent,present,present,present,present,present,present,present,present,present,present,,True
data_splitting,Data splitting,Which tasks can be performed by a model building pipeline or component?,model+paper,present,absent,present,present,present,present,present,present,present,present,present,present,present,present,,True
data_checkpoints,Data checkpoints,Which tasks can be performed by a model building pipeline or component?,model+paper,present,absent,absent,absent,absent,absent,absent,absent,absent,absent,absent,absent,absent,absent,generate,False
model_validation,Model validation,Which tasks can be performed by a model building pipeline or component?,model+paper,present,present,present,present,present,present,present,present,present,present,present,present,present,present,,False
model_selection,Model selection,Which tasks can be performed by a model building pipeline or component?,model+paper,present,present,present,present,present,present,present,present,present,present,present,present,present,present,,False
train_multiple_model_versions_with_different_parameters_and_or_algorithms,Train multiple model versions with different parameters and/or algorithms,Which tasks can be performed by a model building pipeline or component?,model+paper,present,present,present,present,present,present,present,present,present,present,present,present,present,present,,False
model_packaging,Model packaging,Which tasks can be performed by a model building pipeline or component?,model+paper,present,present,present,present,present,present,present,present,present,present,present,present,present,present,,False
model_hyperparameter_tuning,Model hyperparameter tuning,Which tasks can be performed by a model building pipeline or component?,model+paper,present,present,present,present,present,present,present,present,present,present,present,present,present,present,,False
development_tool_facade,Development tool facade,Which tasks can be performed by a model building pipeline or component?,model+paper,present,absent,absent,absent,absent,absent,absent,absent,absent,absent,absent,absent,absent,absent,generate,False
development_tool_export,Development tool export,Which tasks can be performed by a model building pipeline or component?,model+paper,absent,absent,absent,absent,absent,absent,absent,absent,absent,absent,absent,absent,absent,absent,open_codes,False
batch_based_learning,Batch-based learning,When and how to train the model?,model+paper,present,present,present,present,present,present,present,present,present,present,present,present,present,present,,False
incremental_learning,Incremental learning,When and how to train the model?,model+paper,present,present,present,present,present,present,present,present,present,present,present,present,present,present,,False
hybrid_batch_based_and_incremental_learning,Hybrid batch-based and incremental learning,When and how to train the model?,model+paper,present,present,present,present,present,present,present,present,present,present,present,present,present,present,,False
no_automl,No AutoML,Should AutoML be used and if so where?,model+paper,present,present,present,present,absent,absent,absent,absent,absent,absent,absent,absent,absent,absent,update_3,False
auto_ml,AutoML,Should AutoML be used and if so where?,model+paper,present,absent,present,present,present,present,present,present,present,present,present,present,present,present,,True
model_as_a_service,Model as a service,How to integrate a machine learning model in an application?,model,present,present,present,present,present,present,present,present,present,present,present,present,present,present,,False
model_in_monolith,Model in monolith,How to integrate a machine learning model in an application?,model,present,present,present,present,absent,absent,present,present,absent,absent,present,present,present,present,,True
model_as_module_in_modular_monolith,Model as module in modular monolith,How to integrate a machine learning model in an application?,model,present,absent,absent,absent,absent,absent,present,present,absent,absent,absent,absent,absent,absent,update_7,True
model_in_batch_prediction_system,Model in batch prediction system,How to integrate a machine learning model in an application?,model,present,present,absent,absent,absent,absent,absent,absent,absent,absent,absent,absent,absent,absent,update_1,False
event_driven_model_as_a_service,Event-driven model as a service,How to integrate a machine learning model in an application?,model,present,absent,absent,absent,absent,absent,absent,absent,absent,absent,absent,absent,absent,absent,generate,False
serverless_model_as_a_service,Serverless model as a service,How to integrate a machine learning model in an application?,model,present,absent,absent,present,present,present,present,present,present,present,present,present,present,present,,True
no_integration_of_the_model,No integration of the model,How to integrate a machine learning model in an application?,model,present,absent,absent,absent,absent,absent,absent,absent,absent,absent,absent,absent,absent,absent,generate,False
shared_data_store,Shared data store,How to store data used in machine learning applications?,model,present,present,present,present,present,present,present,present,present,present,present,present,present,present,,False
data_service,Data service,How to store data used in machine learning applications?,model,present,present,present,present,present,present,present,present,present,present,present,present,present,present,,False
event_store,Event store,How to store data used in machine learning applications?,model,present,absent,absent,present,absent,present,present,present,present,absent,absent,absent,absent,absent,update_8,True
no_data_store,No data store,How to store data used in machine learning applications?,model,present,absent,absent,absent,absent,absent,absent,absent,absent,absent,absent,absent,absent,absent,generate,False
local_data_access_api,Local data access API,How to design the interface for data access?,model,present,absent,absent,absent,present,present,present,present,present,present,present,present,present,present,,True
service_based_data_access_api,Service-based data access API,How to design the interface for data access?,model,present,absent,absent,absent,absent,absent,absent,absent,absent,absent,absent,absent,absent,absent,generate,False
pub_sub_data_access_api,Pub/sub data access API,How to design the interface for data access?,model,present,unjudged,unjudged,unjudged,unjudged,absent,absent,absent,unjudged,unjudged,unjudged,unjudged,unjudged,unjudged,update_4,False
message_event_queueing_based_data_access_api,Message/event queueing-based data access API,How to design the interface for data access?,model,present,absent,absent,absent,absent,absent,absent,absent,absent,absent,absent,absent,absent,absent,generate,False
data_provider_is_accessed_directly,Data provider is accessed directly,How to design the interface for data access?,model,present,absent,absent,absent,absent,present,present,present,present,present,present,present,present,present,,True
microservice_based_model_serving,Microservice based model serving,How to serve model predictions or scores?,model,present,present,present,present,present,present,present,present,present,present,present,present,present,present,,False
local_service_api_based_model_serving,Local service/API based model serving,How to serve model predictions or scores?,model,present,absent,absent,absent,present,present,present,present,absent,absent,absent,absent,absent,absent,update_7,True
data_batch_based_model_serving,Data batch based model serving,How to serve model predictions or scores?,model,present,present,present,present,present,present,present,present,present,present,present,present,present,present,,False
precompute_serving,Precompute serving,How to serve model predictions or scores?,model,present,present,present,present,present,present,present,present,present,present,present,present,present,present,,False
hybrid_online_offline_model_serving,Hybrid online/offline model serving,How to serve model predictions or scores?,model,present,present,present,present,present,present,present,present,present,present,present,present,present,present,,False
push_notification,Push notification,How to inform clients about prediction result availability?,model,present,present,present,present,present,present,present,present,present,present,present,present,present,present,,False
polling,Polling,How to inform clients about prediction result availability?,model,present,present,present,present,present,present,present,present,present,present,present,present,present,present,,False
block_on_result,Block on result,How to inform clients about prediction result availability?,model,absent,present,present,present,present,present,present,present,present,present,present,present,present,present,,False
ci_cd_pipeline,CI/CD pipeline,How to perform automatic integration and delivery in a machine learning context?,model,present,present,present,present,present,present,present,present,present,present,present,present,present,present,,False
build_and_deployment_scripts,Build and Deployment scripts,How to perform automatic integration and delivery in a machine learning context?,model,present,present,present,present,present,present,present,present,present,present,present,present,present,present,,False
machine_learning_orchestrator,Machine learning orchestrator,How to perform automatic integration and delivery in a machine learning context?,model,present,present,present,present,present,present,present,present,present,present,present,present,present,present,,False
no_integration_or_delivery_automation,No integration or delivery automation,How to perform automatic integration and delivery in a machine learning context?,model,present,present,absent,absent,absent,absent,absent,absent,absent,absent,absent,absent,absent,absent,update_1,False
packaging,Packaging,Which tasks can be performed by a delivery pipeline or component?,model,present,present,present,present,present,present,present,present,present,present,present,present,present,present,,False
testing,Testing,Which tasks can be performed by a delivery pipeline or component?,model,present,present,present,present,present,present,present,present,present,present,present,present,present,present,,False
building,Building,Which tasks can be performed by a delivery pipeline or component?,model,present,present,present,present,present,present,present,present,present,present,present,present,present,present,,False
deployment,Deployment,Which tasks can be performed by a delivery pipeline or component?,model,present,present,present,present,present,present,present,present,present,present,present,present,present,present,,False
containerization,Containerization,Which tasks can be performed by a delivery pipeline or component?,model,present,present,absent,absent,absent,absent,absent,absent,absent,absent,absent,absent,absent,absent,update_1,False
canary_testing,Canary testing,Which tasks can be performed by a delivery pipeline or component?,model,present,present,present,present,present,present,present,present,present,present,present,present,present,present,,False
a_b_testing,A/B testing,Which tasks can be performed by a delivery pipeline or component?,model,present,present,present,present,present,present,present,present,present,present,present,present,present,present,,False
evidence_based_hypothesis_testing,Evidence based hypothesis testing,Which tasks can be performed by a delivery pipeline or component?,model,present,absent,present,present,present,present,present,present,present,present,present,present,present,present,,True
version_control_repository,Version control repository,Which tasks can be performed by a delivery pipeline or component?,model,present,absent,absent,absent,absent,absent,absent,absent,absent,absent,absent,absent,absent,absent,generate,False
n_versions_in_production,N versions in production,Which model versions should be deployed to production and how?,model,present,absent,absent,absent,absent,absent,present,present,present,present,present,present,present,present,,True
rollback_to_previous_model_version,Rollback to previous model version,Which model versions should be deployed to production and how?,model,present,absent,absent,present,present,present,present,present,present,present,present,present,present,present,,True
single_model_in_production,Single model in production,Which model versions should be deployed to production and how?,model,present,absent,absent,absent,absent,absent,absent,absent,absent,absent,present,present,present,present,,True
data_version_repository,Data version repository,How to version data decision?,model,present,absent,absent,absent,present,present,present,present,present,present,present,present,present,present,,True
data_versioning_in_code_repository,Data versioning in code repository,How to version data decision?,model,present,absent,absent,absent,present,present,present,present,present,present,present,present,present,present,,True
no_data_versioning,No data versioning,How to version data decision?,model,present,absent,absent,absent,absent,absent,absent,absent,absent,absent,absent,absent,absent,absent,generate,False
automated_provisioning,Automated provisioning,How to automatically provision environments?,model,present,absent,absent,absent,absent,absent,absent,absent,absent,absent,present,present,absent,absent,consolidated,True
no_automated_provisioning,No automated provisioning,How to automatically provision environments?,model,absent,unjudged,absent,absent,absent,absent,absent,absent,absent,absent,absent,absent,absent,absent,open_codes,False
data_pipeline_per_data_set,Data pipeline per data set,How to parallelize data processing?,model,present,present,present,present,present,absent,absent,absent,absent,absent,absent,absent,absent,absent,update_4,False
data_partitioning_in_data_pipeline,Data partitioning in data pipeline,How to parallelize data processing?,model,present,present,absent,absent,absent,present,present,present,present,present,present,present,absent,absent,consolidated,True
hybrid_data_processing_parallelization,Hybrid data processing parallelization,How to parallelize data processing?,model,present,absent,present,present,absent,present,present,present,present,present,present,present,present,present,,True
no_parallel_data_processing,No parallel data processing,How to parallelize data processing?,model,absent,absent,absent,absent,absent,absent,absent,absent,absent,absent,absent,absent,absent,absent,open_codes,False
model_building_pipeline_per_model,Model building pipeline per model,How to parallelize model building?,model,present,present,present,present,present,present,present,present,present,present,present,present,present,present,,False
training_data_partitioning,Training data partitioning,How to parallelize model building?,model,present,present,present,present,present,present,present,present,present,present,present,present,present,present,,False
model_partitioning,Model partitioning,How to parallelize model building?,model,present,present,present,present,present,present,present,present,present,present,present,present,present,present,,False
hybrid_model_building_parallelization,Hybrid model building parallelization,How to parallelize model building?,model,present,present,present,present,present,present,present,present,present,present,present,present,present,present,,False
no_parallel_model_building,No parallel model building,How to parallelize model building?,model,present,absent,absent,absent,absent,absent,absent,absent,absent,absent,absent,present,present,present,,True
model_performance_monitoring,Model performance monitoring,How to monitor and track the model in production?,model,present,present,present,present,present,present,present,present,present,present,present,present,present,present,,False
monitoring_or_logging_data_and_predictions,Monitoring or logging data and predictions,How to monitor and track the model in production?,model,present,present,present,present,present,present,present,present,present,present,present,present,present,present,,False
no_in_production_monitoring,No in-production monitoring,How to monitor and track the model in production?,model,present,absent,absent,absent,absent,absent,absent,absent,absent,absent,present,present,present,present,,True
model_in_production_tracking,Model in-production tracking,How to monitor and track the model in production?,model,present,present,present,present,present,present,present,present,present,present,present,present,present,present,,False
manual_model_adjustment,Manual model adjustment,How to adjust models based on monitoring results?,model,present,absent,absent,absent,present,present,present,present,present,present,present,present,present,present,,True
automated_model_adjustment,Automated model adjustment,How to adjust models based on monitoring results?,model,present,absent,absent,absent,present,present,present,present,present,present,present,present,present,present,,True
build_test_and_deploy_models_to_be_served_and_other_system_components,"Build, test, and deploy models to be served and other system components","What to build, test, and deploy automatically by CI/CD pipelines?",model,present,present,present,present,present,present,present,present,present,present,present,present,present,present,,False
build_test_and_deploy_machine_learning_pipelines_and_components_needed_during_pipeline_runs,"Build, test, and deploy machine learning pipelines and components needed during pipeline runs","What to build, test, and deploy automatically by CI/CD pipelines?",model,present,present,present,present,present,present,present,present,present,present,present,present,present,present,,False
no_automated_deployment,No automated deployment,"What to build, test, and deploy automatically by CI/CD pipelines?",model,present,present,present,absent,absent,absent,absent,absent,absent,absent,absent,absent,absent,absent,update_2,False
unit_testing_system_components,Unit testing system components,What to test in a machine learning/data science pipeline?,model,present,present,present,present,present,present,present,present,present,present,present,present,present,present,,False
system_integration_testing,System integration testing,What to test in a machine learning/data science pipeline?,model,present,present,present,present,present,present,present,present,present,present,present,present,present,present,,False
unit_testing_feature_engineering_logic,Unit testing feature engineering logic,What to test in a machine learning/data science pipeline?,model,present,absent,present,absent,absent,absent,absent,absent,absent,absent,absent,absent,absent,absent,update_2,True
unit_testing_different_methods_implemented_in_a_model,Unit testing different methods implemented in a model,What to test in a machine learning/data science pipeline?,model,present,present,present,present,present,absent,absent,absent,absent,absent,absent,absent,absent,absent,update_4,False
testing_model_training_converges,Testing model training converges,What to test in a machine learning/data science pipeline?,model,present,present,present,present,present,present,present,present,present,present,present,present,present,present,,False
testing_trained_model_quality,Testing trained model quality,What to test in a machine learning/data science pipeline?,model,present,present,present,present,present,present,present,present,present,present,present,present,present,present,,False
unit_testing_pipeline_components,Unit testing pipeline components,What to test in a machine learning/data science pipeline?,model,present,present,present,present,present,present,present,present,present,present,present,present,present,present,,False
integration_testing_pipeline_components,Integration testing pipeline components,What to test in a machine learning/data science pipeline?,model,present,present,present,present,present,present,present,present,present,present,present,present,present,present,,False
prediction_service_api_testing,Prediction service API testing,What to test in a machine learning/data science pipeline?,model,present,absent,absent,absent,absent,absent,absent,absent,absent,absent,present,present,present,present,,True
prediction_service_performance_testing,Prediction service performance testing,What to test in a machine learning/data science pipeline?,model,present,present,present,present,absent,absent,absent,absent,absent,absent,absent,absent,absent,absent,update_3,False
no_testing,No testing,What to test in a machine learning/data science pipeline?,model,absent,absent,absent,absent,absent,absent,absent,absent,absent,absent,absent,absent,absent,absent,open_codes,False
ml_ops,MLOps,Should MLOps be used and if so when?,model,present,present,present,present,present,present,present,present,present,present,present,present,present,present,,False
no_mlops,No MLOps,Should MLOps be used and if so when?,model,absent,absent,absent,absent,absent,absent,absent,absent,absent,absent,absent,absent,absent,absent,open_codes,False
use_computational_notebooks,Use computational notebooks,What development environment should be used?,model,present,present,present,present,present,present,present,present,present,present,present,present,present,present,,False
use_an_ide,Use an IDE,What development environment should be used?,model,present,absent,absent,absent,absent,absent,absent,absent,present,present,present,present,present,present,,True
