value_id,dimension_id,label,dim_1_Client_Request_Entry_Routing,dim_2_Inter-Service_State_Propagation_Mechanisms,dim_3_External_Payments_Integration_Interface_Design,dim_4_Domain-Aligned_Microservice_Decomposition_Basis,dim_5_Delivery_and_Routing_Optimization_Strategy_Selection,dim_6_Data_Access_Ownership_and_Storage_Design,dim_7_Incident_History_Reliability_Mechanisms
1.1,1,Central gateway for all PC/mobile HTTP routing,1.0,0.0,0.0,0.0,0.0,0.0,0.0
1.2,1,Gateway routes Customers and Orders,-0.2901011674343356,0.0,0.0,0.0,0.0,0.0,0.0
1.3,1,Gateway routes Statistics and Incidents,-0.6701463923101959,0.0,0.0,0.0,0.0,0.0,0.0
1.4,1,Gateway routes third-party Payments integration,-0.03975244025546811,0.0,0.0,0.0,0.0,0.0,0.0
2.1,2,Observer/event mechanism for Statistics updates,0.0,1.0,0.0,0.0,0.0,0.0,0.0
3.1,3,Facade wraps internal Payments behind simplified interface,0.0,0.0,-1.0,0.0,0.0,0.0,0.0
3.2,3,Gateway routes payment requests,0.0,0.0,1.0,0.0,0.0,0.0,0.0
4.1,4,Decompose by business modules,0.0,0.0,0.0,-1.0,0.0,0.0,0.0
4.2,4,Split Statistics and Incidents into separate microservices,0.0,0.0,0.0,1.0,0.0,0.0,0.0
5.1,5,Strategy pattern for delivery delay optimization,0.0,0.0,0.0,0.0,-1.0,0.0,0.0
5.2,5,Microkernel plugins for delivery routing algorithms,0.0,0.0,0.0,0.0,1.0,0.0,0.0
6.1,6,Per-service SQL repositories for data access,0.0,0.0,0.0,0.0,0.0,1.0,0.0
7.1,7,Event sourcing for critical incident history,0.0,0.0,0.0,0.0,0.0,0.0,1.0
