id,title,source_type,paper_class,example,source_code,url,archive_url,archive_timestamp,tinyurl,fetch_override,notes
s1,"How to power up your product by machine learning with python microservice, pt. 1",Practitioner Audience Article,,True,False,https://towardsdatascience.com/how-to-power-up-your-product-by-machine-learning-with-python-microservice-pt-1-de0f2b434bec,https://web.archive.org/web/20210620181043/https://towardsdatascience.com/how-to-power-up-your-product-by-machine-learning-with-python-microservice-pt-1-de0f2b434bec,20210620181043,https://tinyurl.com/ml-adds-u1,,
s2,Architecting a Machine Learning Pipeline: How to build scalable Machine Learning systems - Part 2/2,Practitioner Audience Article,,True,False,https://towardsdatascience.com/architecting-a-machine-learning-pipeline-a847f094d1c7,https://web.archive.org/web/20210620174809/https://towardsdatascience.com/architecting-a-machine-learning-pipeline-a847f094d1c7,20210620174809,https://tinyurl.com/ml-adds-u2,,
s3,Some Thoughts on Modularization in Machine Learning,Practitioner Audience Article,,False,False,https://medium.com/singular-distillation/some-thoughts-on-modularization-in-machine-learning-fc49f222a647,https://web.archive.org/web/20191124090916/https://medium.com/singular-distillation/some-thoughts-on-modularization-in-machine-learning-fc49f222a647,20191124090916,https://tinyurl.com/ml-adds-u3,,
s4,Productionizing Machine Learning with a Microservices Architecture,Presentation Video,,False,False,https://databricks.com/de/session_na20/productionizing-machine-learning-with-a-microservices-architecture,https://web.archive.org/web/20210620175837/https://databricks.com/de/session_na20/productionizing-machine-learning-with-a-microservices-architecture,20210620175837,https://tinyurl.com/ml-adds-u4,,Presentation video: only the session page text is retrievable; the talk needs a transcript (manual step).
s5,Microservices Suck for Machine Learning (and what we did about it),Practitioner Audience Article,,True,True,https://streamsql.io/blog/microservices-with-machine-learning-feature-store,https://web.archive.org/web/20210620180402/https://streamsql.io/blog/microservices-with-machine-learning-feature-store,20210620180402,https://tinyurl.com/ml-adds-u5,,
s6,MLOps: Continuous delivery and automation pipelines in machine learning,Practitioner Audience Article,,True,False,https://cloud.google.com/architecture/mlops-continuous-delivery-and-automation-pipelines-in-machine-learning?hl=en,https://web.archive.org/web/20210620181802/https://cloud.google.com/architecture/mlops-continuous-delivery-and-automation-pipelines-in-machine-learning?hl=en,20210620181802,https://tinyurl.com/ml-adds-u6,,
s7,Composing Deep-Learning Microservices for the Hybrid Internet of Things,Practitioner Audience Article,,True,False,https://towardsdatascience.com/composing-deep-learning-microservices-for-the-hybrid-internet-of-things-c6cb3cb23b0f,https://web.archive.org/web/20210620181928/https://towardsdatascience.com/composing-deep-learning-microservices-for-the-hybrid-internet-of-things-c6cb3cb23b0f,20210620181928,https://tinyurl.com/ml-adds-u7,,
s8,Continuous Intelligence: Moving Machine Learning Application into Production Reliably,Slides,,True,False,https://github.com/ThoughtWorksInc/cd4ml-workshop/blob/master/Strata-london-2019-slides.pdf,https://web.archive.org/web/20210620182019/https://github.com/ThoughtWorksInc/cd4ml-workshop/blob/master/Strata-london-2019-slides.pdf,20210620182019,https://tinyurl.com/ml-adds-u8,https://github.com/ThoughtWorksInc/cd4ml-workshop/raw/master/Strata-london-2019-slides.pdf,Slides PDF: archived link is a GitHub blob page; fetch the raw PDF instead.
s9,Architecture of a real-world Machine Learning system,Practitioner Audience Article,,True,False,https://medium.com/louis-dorard/architecture-of-a-real-world-machine-learning-system-795254bec646,https://web.archive.org/web/20210620182042/https://medium.com/louis-dorard/architecture-of-a-real-world-machine-learning-system-795254bec646,20210620182042,https://tinyurl.com/ml-adds-u9,,
s10,Architecting a Machine Learning System for Risk,Practitioner Audience Article,,True,False,https://medium.com/airbnb-engineering/architecting-a-machine-learning-system-for-risk-941abbba5a60,https://web.archive.org/web/20210620182123/https://medium.com/airbnb-engineering/architecting-a-machine-learning-system-for-risk-941abbba5a60,20210620182123,https://tinyurl.com/ml-adds-u10,,
s11,Architecting a Scalable Real Time Learning System,Practitioner Audience Article,,True,False,https://medium.com/value-stream-design/architecting-a-scalable-real-time-learning-system-95623d27dd15,https://web.archive.org/web/20210620182155/https://medium.com/value-stream-design/architecting-a-scalable-real-time-learning-system-95623d27dd15,20210620182155,https://tinyurl.com/ml-adds-u11,,
s12,System Architectures for Personalization and Recommendation,Practitioner Audience Article,,True,False,https://netflixtechblog.com/system-architectures-for-personalization-and-recommendation-e081aa94b5d8,https://web.archive.org/web/20210620182230/https://netflixtechblog.com/system-architectures-for-personalization-and-recommendation-e081aa94b5d8,20210620182230,https://tinyurl.com/ml-adds-u12,,
s13,Architectural thinking in the Wild West of data science,Practitioner Audience Article,,True,False,https://developer.ibm.com/technologies/artificial-intelligence/articles/architectural-thinking-in-the-wild-west-of-data-science/,https://web.archive.org/web/20210620182359/https://developer.ibm.com/technologies/artificial-intelligence/articles/architectural-thinking-in-the-wild-west-of-data-science/,20210620182359,https://tinyurl.com/ml-adds-u13,,
s14,Machine Learning Architecture: The Core Components,Practitioner Audience Article,,False,False,https://www.datarevenue.com/en-blog/machine-learning-project-architecture,https://web.archive.org/web/20210620182500/https://www.datarevenue.com/en-blog/machine-learning-project-architecture,20210620182500,https://tinyurl.com/ml-adds-u14,,
s15,Scalable Software and Big Data Architecture - Big Data and Analytics Architectural Patterns,Practitioner Audience Article,,False,False,https://www.innoarchitech.com/blog/scalable-software-big-data-analytics-architecture-architectural-design-patterns,https://web.archive.org/web/20210620182508/https://www.innoarchitech.com/blog/scalable-software-big-data-analytics-architecture-architectural-design-patterns,20210620182508,https://tinyurl.com/ml-adds-u15,,
s16,Machine Learning in Production: Software Architecture,Practitioner Audience Article,,True,False,https://blog.dominodatalab.com/machine-learning-in-production-software-architecture/,https://web.archive.org/web/20210620182559/https://blog.dominodatalab.com/machine-learning-in-production-software-architecture/,20210620182559,https://tinyurl.com/ml-adds-u16,,
s17,AutoML,Practitioner Audience Article,,False,False,https://www.ibm.com/cloud/learn/automl,https://web.archive.org/web/20210620182603/https://www.ibm.com/cloud/learn/automl,20210620182603,https://tinyurl.com/ml-adds-u17,,
s18,AutoML is Overhyped,Practitioner Audience Article,,True,False,https://towardsdatascience.com/automl-is-overhyped-1b5511ded65f,https://web.archive.org/web/20210620182644/https://towardsdatascience.com/automl-is-overhyped-1b5511ded65f,20210620182644,https://tinyurl.com/ml-adds-u18,,
s19,Three Levels of ML Software,Practitioner Audience Article,,True,False,https://ml-ops.org/content/three-levels-of-ml-software,https://web.archive.org/web/20210620182709/https://ml-ops.org/content/three-levels-of-ml-software,20210620182709,https://tinyurl.com/ml-adds-u19,,
s20,MLOps: Methods and Tools of DevOps for Machine Learning,Practitioner Audience Article,,False,False,https://www.altexsoft.com/blog/mlops-methods-tools/,https://web.archive.org/web/20210620182838/https://www.altexsoft.com/blog/mlops-methods-tools/,20210620182838,https://tinyurl.com/ml-adds-u20,,
s21,"MLOps: What It Is, Why it Matters, and How To Implement It (from a Data Scientist Perspective)",Practitioner Audience Article,,False,False,https://neptune.ai/blog/mlops-what-it-is-why-it-matters-and-how-to-implement-it-from-a-data-scientist-perspective,https://web.archive.org/web/20210620182841/https://neptune.ai/blog/mlops-what-it-is-why-it-matters-and-how-to-implement-it-from-a-data-scientist-perspective,20210620182841,https://tinyurl.com/ml-adds-u21,,
s22,MLOps Principles,Practitioner Audience Article,,False,False,https://ml-ops.org/content/mlops-principles,https://web.archive.org/web/20210620182858/https://ml-ops.org/content/mlops-principles,20210620182858,https://tinyurl.com/ml-adds-u22,,
s23,"Machine Learning Monitoring: What It Is, and What We Are Missing",Practitioner Audience Article,,False,False,https://towardsdatascience.com/machine-learning-monitoring-what-it-is-and-what-we-are-missing-e644268023ba,https://web.archive.org/web/20210623204732/https://towardsdatascience.com/machine-learning-monitoring-what-it-is-and-what-we-are-missing-e644268023ba,20210623204732,https://tinyurl.com/ml-adds-u23,,
s24,Automated monitoring of your machine learning models with Amazon SageMaker Model Monitor and sending predictions to human review workflows using Amazon A2I,Blog Post,,False,False,https://aws.amazon.com/de/blogs/machine-learning/automated-monitoring-of-your-machine-learning-models-with-amazon-sagemaker-model-monitor-and-sending-predictions-to-human-review-workflows-using-amazon-a2i/,https://web.archive.org/web/20210623204902/https://aws.amazon.com/de/blogs/machine-learning/automated-monitoring-of-your-machine-learning-models-with-amazon-sagemaker-model-monitor-and-sending-predictions-to-human-review-workflows-using-amazon-a2i/,20210623204902,https://tinyurl.com/ml-adds-u24,,
s25,"MLOps: Model management, deployment, and monitoring with Azure Machine Learning",Practitioner Audience Article,,False,False,https://docs.microsoft.com/en-us/azure/machine-learning/concept-model-management-and-deployment,https://web.archive.org/web/20210623204943/https://docs.microsoft.com/en-us/azure/machine-learning/concept-model-management-and-deployment,20210623204943,https://tinyurl.com/ml-adds-u25,,
s26,The Pros and Cons of Using Jupyter Notebooks as Your Editor for Data Science Work TL;DR: PyCharm's probably better,Practitioner Audience Article,,False,False,https://betterprogramming.pub/pros-and-cons-for-jupyter-notebooks-as-your-editor-for-data-science-work-tip-pycharm-is-probably-40e88f7827cb,https://web.archive.org/web/20210623205121/https://betterprogramming.pub/pros-and-cons-for-jupyter-notebooks-as-your-editor-for-data-science-work-tip-pycharm-is-probably-40e88f7827cb,20210623205121,https://tinyurl.com/ml-adds-u26,,
s27,10 reasons why data scientists love Jupyter notebooks,Practitioner Audience Article,,False,False,https://hub.packtpub.com/10-reasons-data-scientists-love-jupyter-notebooks/,https://web.archive.org/web/20210623205221/https://hub.packtpub.com/10-reasons-data-scientists-love-jupyter-notebooks/,20210623205221,https://tinyurl.com/ml-adds-u27,,
s28,5 reasons why jupyter notebooks suck,Practitioner Audience Article,,False,False,https://towardsdatascience.com/5-reasons-why-jupyter-notebooks-suck-4dc201e27086,https://web.archive.org/web/20210623205451/https://towardsdatascience.com/5-reasons-why-jupyter-notebooks-suck-4dc201e27086,20210623205451,https://tinyurl.com/ml-adds-u28,,
s29,Jupyter Notebook is the Cancer of ML Engineering,Practitioner Audience Article,,False,False,https://medium.com/skyline-ai/jupyter-notebook-is-the-cancer-of-ml-engineering-70b98685ee71,https://web.archive.org/web/20210623205446/https://medium.com/skyline-ai/jupyter-notebook-is-the-cancer-of-ml-engineering-70b98685ee71,20210623205446,https://tinyurl.com/ml-adds-u29,,
